date,mtgox,btc-e,bitstamp,btcchina
2013-11-01 00:55:00 +0800,1284.36,1187.42,1221.35,1261.59
2013-11-01 01:55:00 +0800,1284.42,1188.93,1226.83,1260.0
2013-11-01 02:55:00 +0800,1293.45,1195.69,1225.26,1265.0
2013-11-01 03:55:00 +0800,1299.82,1197.31,1234.67
2013-11-01 04:55:00 +0800,1288.24,1195.0,1225.68,1263.34
2013-11-01 05:55:00 +0800,1278.64,1195.22,1226.36,1265.34
2013-11-01 06:55:00 +0800,1284.88,1198.08,1232.41,1264.1
2013-11-01 07:55:00 +0800,1289.65,1201.82,1231.66,1266.5
2013-11-01 08:55:00 +0800,1280.8,1196.85,1223.78,1264.23
2013-11-01 09:55:00 +0800,1281.75,1196.1,1230.59,1266.19
2013-11-01 10:55:00 +0800,1285.45,1194.45,1223.8,1266.85
2013-11-01 11:55:00 +0800,1284.72,1198.49,1227.32,1266.9
2013-11-01 12:55:00 +0800,1278.62,1193.13,1223.96,1264.47
2013-11-01 13:55:00 +0800,1278.64,1190.11,1223.54,1264.27
2013-11-01 14:55:00 +0800,1284.78,1192.44,1220.42,1265.09
2013-11-01 15:55:00 +0800,1288.96,1194.45,1230.1,1267.0
2013-11-01 16:55:00 +0800,1290.78,1199.61,1230.74,1268.05
2013-11-01 17:55:00 +0800,1293.81,1195.99,1229.62,1267.12
2013-11-01 18:55:00 +0800,1293.4,1199.75,1229.56,1267.05
2013-11-01 19:55:00 +0800,1296.23,1200.27,1226.07,1265.19
2013-11-01 20:55:00 +0800,1290.67,1200.77,1223.46,1267.3
2013-11-01 21:55:00 +0800,1284.13,1198.91,1227.25,1266.75
2013-11-01 22:55:00 +0800,1284.11,1198.06,1225.24,1267.1
2013-11-01 23:55:00 +0800,1296.84,1201.65,1228.36,1267.74
2013-11-02 00:55:00 +0800,1302.56,1202.16,,1266.72
2013-11-02 01:55:00 +0800,1288.0,1201.49,1230.84,1267.35
2013-11-02 02:55:00 +0800,1290.02,1199.82,1229.73
2013-11-02 03:55:00 +0800,1291.44,1198.85,1229.64
2013-11-02 04:55:00 +0800,1295.93,1201.35,1229.97
2013-11-02 05:55:00 +0800,1295.9,1203.4,1231.8
2013-11-02 06:55:00 +0800,1293.81,1205.9,1230.18,1274.75
2013-11-02 07:55:00 +0800,1293.81,1205.75,1226.59,1271.03
2013-11-02 08:55:00 +0800,,1201.23,1225.15,1270.25
2013-11-02 09:55:00 +0800,1293.78,1205.73,1231.39,1270.36
2013-11-02 10:55:00 +0800,1296.17,1204.78,1230.39,1271.61
2013-11-02 11:55:00 +0800,1296.16,1205.83,1232.11,1270.9
2013-11-02 12:55:00 +0800,1293.78,1206.38,1236.07,1276.61
2013-11-02 13:55:00 +0800,1296.2,1208.97,1239.27,1279.69
2013-11-02 14:55:00 +0800,1300.67,1210.36,1239.27,1279.22
2013-11-02 15:55:00 +0800,,1211.34,1238.66,1279.11
2013-11-02 16:55:00 +0800,1295.08,1211.98,1238.0,1280.91
2013-11-02 17:55:00 +0800,1299.9,1213.85,1239.23,1280.76
2013-11-02 18:55:00 +0800,1293.55,1209.4,1234.78,1279.88
2013-11-02 19:55:00 +0800,1295.12,1211.85,1241.59,1280.22
2013-11-02 20:55:00 +0800,1295.57,1214.49,1233.3,1276.86
2013-11-02 21:55:00 +0800,1286.21,1212.51,1241.78,1277.37
2013-11-02 22:55:00 +0800,1284.29,1206.0,1234.23,1275.16
2013-11-02 23:55:00 +0800,1281.67,1208.89,1238.66,1274.69
2013-11-03 00:55:00 +0800,1282.01,1210.25,1240.17,1275.37
2013-11-03 01:55:00 +0800,1285.26,1205.93,1236.79,1276.81
2013-11-03 02:55:00 +0800,1296.68,1211.39,1236.47,1277.69
2013-11-03 03:55:00 +0800,1299.87,1210.44,1242.15,1277.76
2013-11-03 04:55:00 +0800,1296.84,1208.87,1237.77,1278.67
2013-11-03 05:55:00 +0800,1290.17,1211.9,1241.45
2013-11-03 06:55:00 +0800,1284.72,1210.48,1240.6,1278.5
2013-11-03 07:55:00 +0800,1283.31,1206.24,1240.61,1277.19
2013-11-03 08:55:00 +0800,1291.37,1202.29,1237.08,1279.24
2013-11-03 09:55:00 +0800,1288.67,1205.91,1234.24,1278.23
2013-11-03 10:55:00 +0800,1286.48,1199.91,1237.47,1277.2
2013-11-03 11:55:00 +0800,,1206.94,1241.55,1276.5
2013-11-03 12:55:00 +0800,1290.78,1208.56,1239.59,1275.8
2013-11-03 13:55:00 +0800,1296.84,,1239.58,1274.23
2013-11-03 14:55:00 +0800,1299.8,1209.28,1237.52,1273.65
2013-11-03 15:55:00 +0800,1297.13,1209.77,1241.03,1273.36
2013-11-03 16:55:00 +0800,1299.45,1209.69,,1276.04
2013-11-03 17:55:00 +0800,1289.66,1207.17,1238.06,1275.24
2013-11-03 18:55:00 +0800,1296.73,1211.97,1236.1,1274.36
2013-11-03 19:55:00 +0800,1301.05,1206.46,1235.36,1274.71
2013-11-03 20:55:00 +0800,1298.62,1209.62,1238.97,1275.17
2013-11-03 21:55:00 +0800,1301.99,1207.72,1235.14,1277.41
2013-11-03 22:55:00 +0800,1302.9,1209.23,1240.69,1276.54
2013-11-03 23:55:00 +0800,1308.96,1217.94,1243.03,1284.49
2013-11-04 00:55:00 +0800,1326.85,1239.41,1251.2,1298.48
2013-11-04 01:55:00 +0800,1324.11,1241.29,1253.29,1296.99
2013-11-04 02:55:00 +0800,1337.95,1240.79,1258.76,1299.95
2013-11-04 03:55:00 +0800,1342.86,1248.91,1260.24,1304.24
2013-11-04 04:55:00 +0800,1338.54,1258.28,1263.52,1305.63
2013-11-04 05:55:00 +0800,1342.37,1256.94,1252.13,1305.42
2013-11-04 06:55:00 +0800,1360.73,1249.96,1266.97,1314.22
2013-11-04 07:55:00 +0800,1369.22,1263.96,1272.59,1326.68
2013-11-04 08:55:00 +0800,1360.49,1266.28,1284.22,1318.97
2013-11-04 09:55:00 +0800,1363.56,1272.56,1290.11,1326.89
2013-11-04 10:55:00 +0800,1357.06,1265.76,1283.36,1327.04
2013-11-04 11:55:00 +0800,1351.47,1259.04,1272.06,1328.37
2013-11-04 12:55:00 +0800,1357.35,1269.17,1277.71,1328.65
2013-11-04 13:55:00 +0800,1353.71,1262.44,1278.65,1326.48
2013-11-04 14:55:00 +0800,1363.48,1260.74,1278.53,1330.58
2013-11-04 15:55:00 +0800,1357.88,1267.22,1283.05,1332.79
2013-11-04 16:55:00 +0800,1358.79,1264.08,1280.54,1332.7
2013-11-04 17:55:00 +0800,1356.48,1271.21,1290.19,1331.53
2013-11-04 18:55:00 +0800,1374.86,1265.9,1289.58,1347.04
2013-11-04 19:55:00 +0800,1377.72,1272.59,1307.52,1370.3
2013-11-04 20:55:00 +0800,1382.53,1285.91,1318.95,1371.54
2013-11-04 21:55:00 +0800,1376.76,1289.69,1320.19,1369.16
2013-11-04 22:55:00 +0800,1415.9,1308.96,1327.07,1386.99
2013-11-04 23:55:00 +0800,1417.32,1318.27,1354.28,1389.77
2013-11-05 00:55:00 +0800,1405.18,1302.06,1340.11,1379.13
2013-11-05 01:55:00 +0800,1418.85,1323.95,1357.51,1388.71
2013-11-05 02:55:00 +0800,1416.08,1321.69,1372.02,1396.91
2013-11-05 03:55:00 +0800,1422.16,1332.15,1376.14,1408.0
2013-11-05 04:55:00 +0800,1420.77,1331.24,1370.52,1411.05
2013-11-05 05:55:00 +0800,1422.48,1324.79,1365.27,1417.71
2013-11-05 06:55:00 +0800,1434.31,1332.21,1375.04,1425.61
2013-11-05 07:55:00 +0800,1442.36,1348.79,1378.49,1424.73
2013-11-05 08:55:00 +0800,1447.11,1355.27,1381.41,1443.13
2013-11-05 09:55:00 +0800,1456.2,1369.0,1397.7,1461.45
2013-11-05 10:55:00 +0800,1460.32,1369.62,1402.88,1462.1
2013-11-05 11:55:00 +0800,1447.06,1357.93,1392.35,1440.64
2013-11-05 12:55:00 +0800,1443.6,1366.16,1398.88,1447.02
2013-11-05 13:55:00 +0800,1430.74,1357.75,1375.46,1415.37
2013-11-05 14:55:00 +0800,1443.64,1365.4,1388.22,1435.29
2013-11-05 15:55:00 +0800,1451.37,1371.15,1390.72,1448.54
2013-11-05 16:55:00 +0800,1431.01,1365.82,1383.32,1447.14
2013-11-05 17:55:00 +0800,1436.22,1361.39,1390.11,1446.92
2013-11-05 18:55:00 +0800,1471.02,1366.08,1403.31,1464.09
2013-11-05 19:55:00 +0800,1481.86,1402.6,1424.08,1484.44
2013-11-05 20:55:00 +0800,1485.41,1407.09,1430.48,1490.45
2013-11-05 21:55:00 +0800,1498.82,1408.77,1446.68,1490.67
2013-11-05 22:55:00 +0800,1506.58,1434.71,1477.22,1506.45
2013-11-05 23:55:00 +0800,1501.1,1433.45,1480.32,1505.91
2013-11-06 00:55:00 +0800,1544.06,1466.27,1495.98,1524.08
2013-11-06 01:55:00 +0800,1542.06,1462.06,1506.62,1526.11
2013-11-06 02:55:00 +0800,1551.24,1465.4,1496.89,1529.39
2013-11-06 03:55:00 +0800,1528.11,1441.14,1486.26,1526.5
2013-11-06 04:55:00 +0800,1478.76,1398.91,1427.96,1486.24
2013-11-06 05:55:00 +0800,1529.4,1445.33,1460.34,1508.82
2013-11-06 06:55:00 +0800,1536.78,1444.24,1472.14,1525.77
2013-11-06 07:55:00 +0800,1523.1,1438.24,1471.89,1522.41
2013-11-06 08:55:00 +0800,1545.78,1451.82,1471.04,1520.03
2013-11-06 09:55:00 +0800,1554.53,1462.79,1497.19,1533.9
2013-11-06 10:55:00 +0800,1572.43,1481.53,1515.49,1551.92
2013-11-06 11:55:00 +0800,1592.95,1498.86,1532.84,1574.23
2013-11-06 12:55:00 +0800,1609.48,1507.52,1532.07,1588.46
2013-11-06 13:55:00 +0800,1579.33,1460.65,1503.66,1577.08
2013-11-06 14:55:00 +0800,1563.96,1475.91,1508.93,1565.14
2013-11-06 15:55:00 +0800,1568.88,1481.67,1508.38,1582.29
2013-11-06 16:55:00 +0800,1598.26,1504.48,1544.37,1592.29
2013-11-06 17:55:00 +0800,1615.35,1514.64,1553.6,1606.48
2013-11-06 18:55:00 +0800,1626.28,1525.95,1569.95,1618.56
2013-11-06 19:55:00 +0800,1595.88,1508.5,1541.05,1615.06
2013-11-06 20:55:00 +0800,1601.98,1513.42,1556.13,1618.61
2013-11-06 21:55:00 +0800,1636.04,1530.34,1567.79,1620.82
2013-11-06 22:55:00 +0800,1610.97,1515.15,1559.9,1613.11
2013-11-06 23:55:00 +0800,1580.77,1508.02,1550.94,1609.75
2013-11-07 00:55:00 +0800,1569.43,1500.31,1562.6,1613.89
2013-11-07 01:55:00 +0800,1595.94,1515.16,1569.66,1620.04
2013-11-07 02:55:00 +0800,1597.55,1500.41,1577.66,1620.06
2013-11-07 03:55:00 +0800,1598.29,1516.06,1578.57,1621.98
2013-11-07 04:55:00 +0800,1611.95,1525.33,1589.51,1620.14
2013-11-07 05:55:00 +0800,1612.63,1532.45,1598.27,1626.71
2013-11-07 06:55:00 +0800,1602.34,1524.3,1580.63,1629.1
2013-11-07 07:55:00 +0800,1606.83,1523.6,1596.2,1636.09
2013-11-07 08:55:00 +0800,1614.35,1527.41,1611.22,1640.71
2013-11-07 09:55:00 +0800,1617.37,1545.75,1630.8,1667.12
2013-11-07 10:55:00 +0800,1644.85,1587.03,1671.34,1727.7
2013-11-07 11:55:00 +0800,1678.72,1587.28,1667.5,1716.87
2013-11-07 12:55:00 +0800,1668.1,1577.99,1647.57,1721.34
2013-11-07 13:55:00 +0800,1682.95,1598.82,1669.37,1783.0
2013-11-07 14:55:00 +0800,1710.61,1620.19,1693.41,1802.96
2013-11-07 15:55:00 +0800,1790.88,1693.15,1732.55,1844.72
2013-11-07 16:55:00 +0800,1806.41,1665.9,1704.84,1837.68
2013-11-07 17:55:00 +0800,1938.06,1756.28,1756.54,1884.26
2013-11-07 18:55:00 +0800,1859.86,1684.43,1692.66,1853.96
2013-11-07 19:55:00 +0800,1878.82,1711.07,1727.33,1863.98
2013-11-07 20:55:00 +0800,1816.01,1661.45,1706.76,1837.53
2013-11-07 21:55:00 +0800,1854.66,1686.98,1726.24,1821.44
2013-11-07 22:55:00 +0800,1863.39,1690.02,1726.22,1814.49
2013-11-07 23:55:00 +0800,1934.49,1744.11,1755.51,1847.88
2013-11-08 00:55:00 +0800,1922.83,1735.39,1794.64,1846.34
2013-11-08 01:55:00 +0800,1892.21,1703.84,1779.69,1831.5
2013-11-08 02:55:00 +0800,1778.15,1624.18,1721.2,1813.5
2013-11-08 03:55:00 +0800,1795.31,1649.56,1757.07,1812.3
2013-11-08 04:55:00 +0800,1868.84,1689.84,1770.76,1810.79
2013-11-08 05:55:00 +0800,1884.41,1713.03,1770.85,1845.09
2013-11-08 06:55:00 +0800,1869.92,1708.09,1774.83,1847.18
2013-11-08 07:55:00 +0800,1884.67,1703.3,1760.91,1855.85
2013-11-08 08:55:00 +0800,1899.77,1720.11,1788.87,1881.07
2013-11-08 09:55:00 +0800,1937.06,1727.09,1797.13,1897.0
2013-11-08 10:55:00 +0800,1920.82,1737.93,1807.11,1909.72
2013-11-08 11:55:00 +0800,1955.26,1747.25,1812.94,1923.8
2013-11-08 12:55:00 +0800,1947.33,1762.62,1816.65,1933.95
2013-11-08 13:55:00 +0800,1991.1,1774.97,1847.31,1949.9
2013-11-08 14:55:00 +0800,2022.06,1774.67,1862.73,1977.38
2013-11-08 15:55:00 +0800,2031.42,1780.66,1874.42,1985.07
2013-11-08 16:55:00 +0800,1989.63,1741.4,1855.23,1975.5
2013-11-08 17:55:00 +0800,2026.92,1774.83,1890.69,1979.0
2013-11-08 18:55:00 +0800,2009.14,1760.68,1899.73,1978.62
2013-11-08 19:55:00 +0800,2015.11,1770.93,1891.09,1975.02
2013-11-08 20:55:00 +0800,2024.28,1772.95,1908.65,1966.42
2013-11-08 21:55:00 +0800,2078.01,1803.84,1935.81,1984.55
2013-11-08 22:55:00 +0800,2108.82,1832.76,1957.92,2022.63
2013-11-08 23:55:00 +0800,2164.81,1843.54,1980.27,2042.15
2013-11-09 00:55:00 +0800,2137.27,1870.02,1983.19,2085.32
2013-11-09 01:55:00 +0800,2107.77,1852.65,1979.43,2051.18
2013-11-09 02:55:00 +0800,2120.34,1875.79,1983.67,2076.35
2013-11-09 03:55:00 +0800,2110.47,1889.71,1976.59,2075.62
2013-11-09 04:55:00 +0800,2100.59,1885.86,1963.41
2013-11-09 05:55:00 +0800,2117.64,1879.37,1990.22,2069.89
2013-11-09 06:55:00 +0800,2107.52,1866.56,1992.52,2088.06
2013-11-09 07:55:00 +0800,2151.18,1903.05,2024.31,2173.88
2013-11-09 08:55:00 +0800,2221.49,1939.16,2052.66,2280.4
2013-11-09 09:55:00 +0800,2233.02,1978.2,2060.79,2320.3
2013-11-09 10:55:00 +0800,2262.79,2022.05,2094.64,2481.03
2013-11-09 11:55:00 +0800,2221.38,1996.87,2010.45,2443.68
2013-11-09 12:55:00 +0800,2230.98,1997.02,2009.66,2502.16
2013-11-09 13:55:00 +0800,2122.13,1912.18,1910.05,2245.47
2013-11-09 14:55:00 +0800,2205.07,1981.08,1982.59,2335.81
2013-11-09 15:55:00 +0800,2197.56,1991.57,1981.43,2362.36
2013-11-09 16:55:00 +0800,2231.0,2006.33,1995.77,2420.88
2013-11-09 17:55:00 +0800,2294.99,2055.77,2060.7,2514.73
2013-11-09 18:55:00 +0800,2318.83,2054.36,2050.53,2467.74
2013-11-09 19:55:00 +0800,2316.49,2026.26,2071.67,2461.07
2013-11-09 20:55:00 +0800,2329.48,2031.32,2076.44,2449.57
2013-11-09 21:55:00 +0800,2347.22,2064.53,2118.6,2479.28
2013-11-09 22:55:00 +0800,2384.08,2095.88,2192.72,2508.9
2013-11-09 23:55:00 +0800,2295.3,2066.07,2145.18,2462.93
2013-11-10 00:55:00 +0800,2383.04,2104.6,2187.0,2485.98
2013-11-10 01:55:00 +0800,2349.54,2096.69,2151.0,2490.31
2013-11-10 02:55:00 +0800,2307.1,2071.55,2147.75,2475.85
2013-11-10 03:55:00 +0800,2291.21,2059.7,2130.66,2455.13
2013-11-10 04:55:00 +0800,2258.86,2037.87,2124.32,2441.65
2013-11-10 05:55:00 +0800,2304.83,2078.31,2134.27,2432.31
2013-11-10 06:55:00 +0800,2260.89,2047.62,2110.75,2440.6
2013-11-10 07:55:00 +0800,2201.3,2010.25,2039.31,2370.5
2013-11-10 08:55:00 +0800,2124.01,1934.49,1953.91,2246.5
2013-11-10 09:55:00 +0800,2049.6,1869.01,1897.29,2206.77
2013-11-10 10:55:00 +0800,2089.14,1888.25,1886.62,2247.37
2013-11-10 11:55:00 +0800,1932.15,1752.81,1778.58,2151.48
2013-11-10 12:55:00 +0800,1941.17,1766.45,1823.11,2103.45
2013-11-10 13:55:00 +0800,1973.3,1741.15,1827.57,2050.05
2013-11-10 14:55:00 +0800,1963.89,1729.07,1788.49,2057.24
2013-11-10 15:55:00 +0800,2085.51,1813.62,1854.46,2090.1
2013-11-10 16:55:00 +0800,2161.07,1899.68,1925.56,2233.93
2013-11-10 17:55:00 +0800,2078.34,1847.36,1881.34,2179.34
2013-11-10 18:55:00 +0800,1955.74,1752.51,1787.28,2093.67
2013-11-10 19:55:00 +0800,2074.09,1815.55,1852.8,2129.0
2013-11-10 20:55:00 +0800,2024.9,1797.54,1853.2,2108.58
2013-11-10 21:55:00 +0800,1969.96,1794.96,1834.94,2086.98
2013-11-10 22:55:00 +0800,1930.36,1716.71,1793.7,2022.95
2013-11-10 23:55:00 +0800,1826.05,1615.18,1657.06,1933.74
2013-11-11 00:55:00 +0800,1911.32,1643.4,1706.38,1955.62
2013-11-11 01:55:00 +0800,1922.31,1660.61,1802.72,1955.26
2013-11-11 02:55:00 +0800,1946.59,1689.64,1814.92,1966.86
2013-11-11 03:55:00 +0800,1970.49,1703.86,1862.77,2002.55
2013-11-11 04:55:00 +0800,1975.19,1719.14,1833.12,1985.06
2013-11-11 05:55:00 +0800,2021.36,1806.43,1924.99,2049.15
2013-11-11 06:55:00 +0800,2050.53,1843.72,1942.56,2083.7
2013-11-11 07:55:00 +0800,2064.25,1838.17,1962.65,2102.03
2013-11-11 08:55:00 +0800,2016.91,1812.37,1977.66,2110.95
2013-11-11 09:55:00 +0800,2010.58,1781.65,1923.31,2057.44
2013-11-11 10:55:00 +0800,1993.39,1791.75,1916.77,2069.56
2013-11-11 11:55:00 +0800,1976.21,1782.8,1897.47,2075.02
2013-11-11 12:55:00 +0800,2037.06,1849.77,1951.33,2104.62
2013-11-11 13:55:00 +0800,2081.04,1864.22,1945.96,2117.23
2013-11-11 14:55:00 +0800,2063.11,1870.54,1982.8,2120.01
2013-11-11 15:55:00 +0800,2090.63,1900.05,1973.17,2111.56
2013-11-11 16:55:00 +0800,2115.76,1893.07,1997.59,2125.76
2013-11-11 17:55:00 +0800,2096.77,1900.5,2009.8,2129.17
2013-11-11 18:55:00 +0800,2084.65,1868.84,1998.05,2121.87
2013-11-11 19:55:00 +0800,2073.89,1872.25,1992.3,2130.41
2013-11-11 20:55:00 +0800,2105.41,1892.61,2019.13,2136.31
2013-11-11 21:55:00 +0800,2168.65,1937.03,2065.6,2221.81
2013-11-11 22:55:00 +0800,2242.47,1977.7,2106.24,2251.79
2013-11-11 23:55:00 +0800,2242.2,1943.27,2102.06,2236.13
2013-11-12 00:55:00 +0800,2224.63,1950.42,2087.93,2217.88
2013-11-12 01:55:00 +0800,,1956.3,2070.81,2220.98
2013-11-12 02:55:00 +0800,2211.9,1920.77,2025.62,2206.5
2013-11-12 03:55:00 +0800,2249.9,1928.91,2025.23,2212.99
2013-11-12 04:55:00 +0800,2236.14,1941.46,2044.59,2215.81
2013-11-12 05:55:00 +0800,,1967.79,2056.43,2239.8
2013-11-12 06:55:00 +0800,2211.07,1949.0,2054.34,2218.25
2013-11-12 07:55:00 +0800,2198.65,1949.22,2083.85,2234.93
2013-11-12 08:55:00 +0800,2254.56,1982.91,2099.85,2274.68
2013-11-12 09:55:00 +0800,2269.77,1988.72,2084.09,2294.8
2013-11-12 10:55:00 +0800,2267.45,2015.25,2099.79,2332.79
2013-11-12 11:55:00 +0800,2273.78,2022.51,2082.6,2335.49
2013-11-12 12:55:00 +0800,2269.17,2035.92,2099.0,2390.36
2013-11-12 13:55:00 +0800,2314.25,2059.97,2108.59,2397.2
2013-11-12 14:55:00 +0800,2315.26,2055.72,2115.13,2416.95
2013-11-12 15:55:00 +0800,2312.83,2046.3,2100.81,2409.51
2013-11-12 16:55:00 +0800,2314.31,2053.17,2088.32,2411.88
2013-11-12 17:55:00 +0800,2347.99,2065.99,2160.73,2417.11
2013-11-12 18:55:00 +0800,2356.81,2083.07,2145.6,2408.96
2013-11-12 19:55:00 +0800,2297.21,2054.09,2113.74,2386.58
2013-11-12 20:55:00 +0800,2338.62,2075.8,2131.15,2374.24
2013-11-12 21:55:00 +0800,2326.0,2061.59,2124.02,2369.01
2013-11-12 22:55:00 +0800,2306.07,2042.15,2109.57,2335.92
2013-11-12 23:55:00 +0800,2327.31,2046.92,2130.85,2366.03
2013-11-13 00:55:00 +0800,2307.83,2056.62,2134.22,2364.77
2013-11-13 01:55:00 +0800,2319.87,2048.81,2131.14,2343.84
2013-11-13 02:55:00 +0800,2269.61,2040.61,2119.56,2338.13
2013-11-13 03:55:00 +0800,2217.72,2006.38,2119.08,2337.98
2013-11-13 04:55:00 +0800,2218.77,2011.23,2124.55,2351.0
2013-11-13 05:55:00 +0800,2244.68,2016.27,2117.67,2339.93
2013-11-13 06:55:00 +0800,2309.58,2071.96,2145.01,2382.74
2013-11-13 07:55:00 +0800,2316.27,2086.92,2150.87,2418.51
2013-11-13 08:55:00 +0800,2330.14,2102.77,2200.43,2432.93
2013-11-13 09:55:00 +0800,2339.49,2096.28,2177.23,2414.99
2013-11-13 10:55:00 +0800,2341.84,2126.43,2194.7,2423.73
2013-11-13 11:55:00 +0800,2354.6,2125.27,2205.77,2402.71
2013-11-13 12:55:00 +0800,2317.63,2111.7,2189.35,2395.47
2013-11-13 13:55:00 +0800,2342.75,2121.72,2211.76,2396.85
2013-11-13 14:55:00 +0800,2345.74,2116.43,2210.58,2391.32
2013-11-13 15:55:00 +0800,2353.91,2135.06,2223.98,2412.64
2013-11-13 16:55:00 +0800,2363.35,2157.88,2228.43,2406.85
2013-11-13 17:55:00 +0800,2367.83,2152.76,2243.9,2403.31
2013-11-13 18:55:00 +0800,2387.37,2164.04,2267.82,2410.13
2013-11-13 19:55:00 +0800,2419.39,2204.42,2271.25,2427.08
2013-11-13 20:55:00 +0800,2425.02,2217.94,2269.43,2435.05
2013-11-13 21:55:00 +0800,2476.19,2270.22,2302.41,2455.03
2013-11-13 22:55:00 +0800,2530.3,2306.52,2335.02,2484.81
2013-11-13 23:55:00 +0800,2512.3,2292.67,2302.71,2505.25
2013-11-14 00:55:00 +0800,2539.99,2300.23,2346.68,2502.88
2013-11-14 01:55:00 +0800,2555.99,2314.86,2362.57,2509.69
2013-11-14 02:55:00 +0800,2575.37,2324.87,2374.88,2522.63
2013-11-14 03:55:00 +0800,2599.27,2362.68,2375.53,2543.82
2013-11-14 04:55:00 +0800,2670.93,2398.79,2419.69,2574.7
2013-11-14 05:55:00 +0800,2659.85,2366.01,2405.21,2586.92
2013-11-14 06:55:00 +0800,2671.57,2398.16,2414.43,2582.77
2013-11-14 07:55:00 +0800,2624.0,2383.55,2389.01,2584.97
2013-11-14 08:55:00 +0800,2678.55,2438.04,2458.01,2624.01
2013-11-14 09:55:00 +0800,2688.37,2454.57,2465.9,2654.85
2013-11-14 10:55:00 +0800,2652.09,2476.08,2478.78,2681.6
2013-11-14 11:55:00 +0800,2638.01,2429.39,2442.95,2653.06
2013-11-14 12:55:00 +0800,2615.08,2429.1,2448.0,2648.49
2013-11-14 13:55:00 +0800,2499.69,2359.89,2404.91,2604.4
2013-11-14 14:55:00 +0800,2496.92,2354.2,2404.29,2588.63
2013-11-14 15:55:00 +0800,2573.32,2425.73,2453.04,2620.08
2013-11-14 16:55:00 +0800,2628.86,2461.53,2479.14,2649.48
2013-11-14 17:55:00 +0800,2553.88,2412.16,2450.98,2645.44
2013-11-14 18:55:00 +0800,2578.25,2426.65,2467.52,2649.8
2013-11-14 19:55:00 +0800,2658.48,2479.48,2521.78,2681.83
2013-11-14 20:55:00 +0800,2682.77,2482.88,2556.59,2672.89
2013-11-14 21:55:00 +0800,2660.71,2470.97,2547.04,2672.53
2013-11-14 22:55:00 +0800,2637.9,2447.02,2513.65,2643.52
2013-11-14 23:55:00 +0800,2659.62,2460.25,2535.25,2652.54
2013-11-15 00:55:00 +0800,2648.33,2460.07,2535.87,2650.26
2013-11-15 01:55:00 +0800,2636.22,2464.1,2532.83,2647.1
2013-11-15 02:55:00 +0800,2608.4,2444.81,2512.71,2643.1
2013-11-15 03:55:00 +0800,2575.71,2396.11,2476.72,2602.21
2013-11-15 04:55:00 +0800,2592.27,2424.33,2494.6,2639.83
2013-11-15 05:55:00 +0800,2621.7,2445.66,2521.02,2660.88
2013-11-15 06:55:00 +0800,2634.72,2445.4,2521.56,2675.09
2013-11-15 07:55:00 +0800,2638.37,2460.03,2510.33,2653.03
2013-11-15 08:55:00 +0800,2652.92,2448.4,2525.43,2654.43
2013-11-15 09:55:00 +0800,2602.25,2440.41,2509.03,2645.66
2013-11-15 10:55:00 +0800,2593.68,2439.96,2518.23,2630.89
2013-11-15 11:55:00 +0800,2625.13,2448.62,2514.88,2649.81
2013-11-15 12:55:00 +0800,2648.94,2456.31,2520.58,2656.88
2013-11-15 13:55:00 +0800,2588.8,2442.34,2518.37,2652.99
2013-11-15 14:55:00 +0800,2635.01,2459.31,2519.25,2651.57
2013-11-15 15:55:00 +0800,2644.03,2453.93,2512.25,2649.66
2013-11-15 16:55:00 +0800,2654.46,2460.13,2525.74,2647.92
2013-11-15 17:55:00 +0800,2715.3,2512.47,2554.29,2686.45
2013-11-15 18:55:00 +0800,2717.39,2507.98,2561.81,2683.55
2013-11-15 19:55:00 +0800,2726.88,2534.21,2570.21,2697.55
2013-11-15 20:55:00 +0800,2756.98,2570.86,2596.15,2747.02
2013-11-15 21:55:00 +0800,2741.55,2558.57,2606.63,2736.3
2013-11-15 22:55:00 +0800,2729.78,2550.54,2601.91,2737.94
2013-11-15 23:55:00 +0800,2736.96,2552.42,2604.28,2732.61
2013-11-16 00:55:00 +0800,2745.56,2547.09,2605.14,2739.55
2013-11-16 01:55:00 +0800,2751.24,2545.72,2604.66,2749.59
2013-11-16 02:55:00 +0800,2708.99,2524.61,2594.78,2743.51
2013-11-16 03:55:00 +0800,2665.34,2484.08,2570.03,2752.64
2013-11-16 04:55:00 +0800,2663.27,2485.97,2539.74,2735.45
2013-11-16 05:55:00 +0800,2593.18,2412.66,2481.09,2720.0
2013-11-16 06:55:00 +0800,2589.47,2424.59,2475.77,2697.68
2013-11-16 07:55:00 +0800,2629.83,2461.51,2504.08,2716.62
2013-11-16 08:55:00 +0800,2656.79,2476.48,2542.7,2725.76
2013-11-16 09:55:00 +0800,2655.65,2481.59,2540.54,2718.77
2013-11-16 10:55:00 +0800,2683.93,2496.01,2533.34,2717.25
2013-11-16 11:55:00 +0800,2721.19,2525.04,2575.96,2738.48
2013-11-16 12:55:00 +0800,2742.7,2539.16,2598.76,2740.23
2013-11-16 13:55:00 +0800,2680.97,2497.68,2545.12,2722.85
2013-11-16 14:55:00 +0800,2742.5,2526.86,2577.24,2739.07
2013-11-16 15:55:00 +0800,2747.76,2529.29,2575.96,2742.26
2013-11-16 16:55:00 +0800,2742.97,2526.44,2586.61,2735.51
2013-11-16 17:55:00 +0800,2756.27,2530.84,2584.53,2740.3
2013-11-16 18:55:00 +0800,2840.82,2571.7,2653.88,2777.92
2013-11-16 19:55:00 +0800,2868.43,2589.9,2666.11,2778.86
2013-11-16 20:55:00 +0800,2830.76,2563.16,2675.1,2775.36
2013-11-16 21:55:00 +0800,2824.58,2564.33,2658.93,2775.1
2013-11-16 22:55:00 +0800,2819.32,2560.62,2652.95,2771.71
2013-11-16 23:55:00 +0800,2831.72,2565.77,2660.57,2767.3
2013-11-17 00:55:00 +0800,2781.2,2523.38,2651.09,2756.44
2013-11-17 01:55:00 +0800,2802.4,2552.29,2627.33,2763.07
2013-11-17 02:55:00 +0800,2771.89,2532.59,2606.17,2760.04
2013-11-17 03:55:00 +0800,2789.63,2538.73,2627.47,2767.76
2013-11-17 04:55:00 +0800,2799.67,2559.83,2625.06,2775.0
2013-11-17 05:55:00 +0800,2831.26,2568.67,2652.78,2786.79
2013-11-17 06:55:00 +0800,2808.99,2564.79,2634.41,2788.1
2013-11-17 07:55:00 +0800,2799.71,2557.8,2642.3,2779.7
2013-11-17 08:55:00 +0800,2801.28,2565.3,2652.43,2788.16
2013-11-17 09:55:00 +0800,2796.32,2560.48,2646.46,2788.21
2013-11-17 10:55:00 +0800,2879.36,2600.09,2705.42,2834.01
2013-11-17 11:55:00 +0800,2897.09,2601.61,2689.79,2840.63
2013-11-17 12:55:00 +0800,2849.41,2605.92,2698.83,2855.46
2013-11-17 13:55:00 +0800,2932.26,2658.7,2726.35,2910.93
2013-11-17 14:55:00 +0800,2950.93,2668.74,2727.82,2950.11
2013-11-17 15:55:00 +0800,2941.82,2677.92,2772.05,2945.96
2013-11-17 16:55:00 +0800,3010.47,2728.23,2804.52,2980.12
2013-11-17 17:55:00 +0800,2998.99,2723.24,2786.65,2982.78
2013-11-17 18:55:00 +0800,3000.74,2720.68,2832.45,2990.97
2013-11-17 19:55:00 +0800,3037.71,2793.91,2850.97,3008.12
2013-11-17 20:55:00 +0800,3027.92,2777.36,2829.69,2972.74
2013-11-17 21:55:00 +0800,3017.42,2785.4,2831.0,2977.48
2013-11-17 22:55:00 +0800,3015.99,2763.61,2825.99,2971.07
2013-11-17 23:55:00 +0800,3039.06,2769.17,2799.81,2974.51
2013-11-18 00:55:00 +0800,3062.67,2778.45,2807.13,2983.53
2013-11-18 01:55:00 +0800,3068.3,2790.64,2800.12,2987.79
2013-11-18 02:55:00 +0800,3057.68,2796.15,2797.89,2990.02
2013-11-18 03:55:00 +0800,3115.82,2848.4,2832.01,3009.04
2013-11-18 04:55:00 +0800,3050.8,2826.27,2795.64,3010.68
2013-11-18 05:55:00 +0800,3171.16,2902.93,2874.74,3095.72
2013-11-18 06:55:00 +0800,3245.85,2934.62,2908.25,3190.09
2013-11-18 07:55:00 +0800,3166.52,2912.47,2879.98,3219.9
2013-11-18 08:55:00 +0800,3181.46,2886.04,2880.46,3237.41
2013-11-18 09:55:00 +0800,3291.29,3051.4,2958.79,3422.35
2013-11-18 10:55:00 +0800,3364.21,3092.7,2934.89,3443.98
2013-11-18 11:55:00 +0800,3452.05,3197.52,2996.3,3523.31
2013-11-18 12:55:00 +0800,3376.18,3133.56,3003.06,3486.25
2013-11-18 13:55:00 +0800,3428.28,3139.77,2998.63,3571.33
2013-11-18 14:55:00 +0800,3644.35,3312.82,3105.58,3711.99
2013-11-18 15:55:00 +0800,3642.79,3300.65,3205.27,3820.13
2013-11-18 16:55:00 +0800,3398.93,3094.47,3061.19,3879.05
2013-11-18 17:55:00 +0800,3543.31,3219.57,3148.4,3888.36
2013-11-18 18:55:00 +0800,3656.19,3280.98,3141.47,3903.12
2013-11-18 19:55:00 +0800,3626.09,3302.64,3143.88,3890.94
2013-11-18 20:55:00 +0800,3624.53,3266.63,3120.87,3857.34
2013-11-18 21:55:00 +0800,3660.12,3280.78,3090.52,3896.61
2013-11-18 22:55:00 +0800,3640.65,3281.87,3154.93,3891.77
2013-11-18 23:55:00 +0800,3869.14,3331.65,3272.73,3999.2
2013-11-19 00:55:00 +0800,3863.32,3369.56,3436.46,4327.98
2013-11-19 01:55:00 +0800,3999.59,3527.01,3534.02,4754.87
2013-11-19 02:55:00 +0800,4051.16,3489.74,3544.07,4613.45
2013-11-19 03:55:00 +0800,3955.8,3475.16,3533.11,4663.28
2013-11-19 04:55:00 +0800,4022.85,3454.05,3538.52,4711.77
2013-11-19 05:55:00 +0800,4416.26,3722.53,3792.72,5037.37
2013-11-19 06:55:00 +0800,4632.94,3820.28,3880.93,5362.42
2013-11-19 07:55:00 +0800,4745.7,4095.4,4033.97,5886.04
2013-11-19 08:55:00 +0800,5069.59,4637.09,4371.92,6910.02
2013-11-19 09:55:00 +0800,4395.23,4014.42,3976.04,5704.65
2013-11-19 10:55:00 +0800,4553.09,4150.46,3992.27,6078.84
2013-11-19 11:55:00 +0800,4740.92,4245.51,4161.83,6295.19
2013-11-19 12:55:00 +0800,4949.02,4304.72,4269.2,6669.55
2013-11-19 13:55:00 +0800,4579.98,4128.16,4057.07,6437.83
2013-11-19 14:55:00 +0800,4918.24,4297.46,4136.21,6512.54
2013-11-19 15:55:00 +0800,4819.9,4227.68,4043.69,6214.9
2013-11-19 16:55:00 +0800,4283.07,3872.82,3883.27,5768.06
2013-11-19 17:55:00 +0800,4507.75,3947.12,3961.58,5631.83
2013-11-19 18:55:00 +0800,4300.92,3644.01,3907.64,5629.03
2013-11-19 19:55:00 +0800,4081.42,3512.26,3601.93,5297.69
2013-11-19 20:55:00 +0800,3993.87,3571.1,3485.61,5109.97
2013-11-19 21:55:00 +0800,3612.95,3193.37,3175.9,4722.55
2013-11-19 22:55:00 +0800,3824.7,3305.15,3376.1,5052.26
2013-11-19 23:55:00 +0800,4170.04,3604.2,3636.0,5460.0
2013-11-20 00:55:00 +0800,4483.04,3811.5,3874.6,5987.61
2013-11-20 01:55:00 +0800,4347.35,3674.8,3627.69,5632.87
2013-11-20 02:55:00 +0800,4352.68,3630.13,3700.52,5357.81
2013-11-20 03:55:00 +0800,4281.07,3523.88,3535.78,5354.6
2013-11-20 04:55:00 +0800,4261.8,3474.67,3519.28,5408.79
2013-11-20 05:55:00 +0800,4174.64,3443.29,3530.62,5467.52
2013-11-20 06:55:00 +0800,3975.26,3343.63,3327.83,5254.64
2013-11-20 07:55:00 +0800,3908.16,3318.84,3271.83,5180.24
2013-11-20 08:55:00 +0800,3660.81,3050.7,3037.07,4726.9
2013-11-20 09:55:00 +0800,3764.1,3182.35,3386.48,4854.39
2013-11-20 10:55:00 +0800,3759.02,3221.66,3380.12,5016.69
2013-11-20 11:55:00 +0800,3639.36,3143.71,3252.48,4858.44
2013-11-20 12:55:00 +0800,3291.63,2971.42,3113.97,4562.2
2013-11-20 13:55:00 +0800,3166.07,2970.97,3132.04,4485.37
2013-11-20 14:55:00 +0800,3335.07,3008.66,3149.91,4511.95
2013-11-20 15:55:00 +0800,3247.5,2851.65,2994.58,4359.47
2013-11-20 16:55:00 +0800,3187.32,2794.27,,4360.21
2013-11-20 17:55:00 +0800,3010.69,2439.07,2918.45,4180.65
2013-11-20 18:55:00 +0800,2871.45,2468.5,2848.2,3934.64
2013-11-20 19:55:00 +0800,3045.22,2718.42,3062.4,3994.79
2013-11-20 20:55:00 +0800,2906.79,2523.85,2838.03,3787.92
2013-11-20 21:55:00 +0800,3242.48,2800.29,3079.7,4023.08
2013-11-20 22:55:00 +0800,3341.51,2936.11,3205.42,4185.39
2013-11-20 23:55:00 +0800,3347.83,2988.79,3261.85,4023.07
2013-11-21 00:55:00 +0800,3637.91,3169.2,3544.53,4114.29
2013-11-21 01:55:00 +0800,3726.06,3273.33,3509.73,4174.2
2013-11-21 02:55:00 +0800,3801.41,3259.27,3682.64,4223.32
2013-11-21 03:55:00 +0800,3400.07,2989.75,3468.42,3903.94
2013-11-21 04:55:00 +0800,3608.79,3119.53,3521.27,4025.88
2013-11-21 05:55:00 +0800,3519.64,3031.88,3519.19,4050.16
2013-11-21 06:55:00 +0800,3683.14,3145.33,3609.1,4061.94
2013-11-21 07:55:00 +0800,3867.52,3298.39,3626.53,4267.67
2013-11-21 08:55:00 +0800,3820.03,3281.5,3643.15,4227.02
2013-11-21 09:55:00 +0800,3816.3,3289.92,3638.63,4237.01
2013-11-21 10:55:00 +0800,3843.6,3332.43,3682.75,4243.99
2013-11-21 11:55:00 +0800,3701.33,3298.06,3645.75,4169.41
2013-11-21 12:55:00 +0800,3725.58,3330.87,3645.22,4150.5
2013-11-21 13:55:00 +0800,3938.16,,3765.42,4253.41
2013-11-21 14:55:00 +0800,3857.23,,3721.14,4221.1
2013-11-21 15:55:00 +0800,3883.97,3495.46,3802.67,4228.38
2013-11-21 16:55:00 +0800,4119.54,3625.21,3863.34,4440.96
2013-11-21 17:55:00 +0800,4117.16,3592.77,3858.29,4457.82
2013-11-21 18:55:00 +0800,4058.65,3547.13,3882.65,4468.01
2013-11-21 19:55:00 +0800,4087.66,3631.92,3903.39,4544.61
2013-11-21 20:55:00 +0800,4143.29,3639.9,4090.32,4697.72
2013-11-21 21:55:00 +0800,4202.92,3736.31,4178.08,4859.5
2013-11-21 22:55:00 +0800,4353.2,3772.93,4213.05,4914.39
2013-11-21 23:55:00 +0800,4421.26,3760.38,4265.64,4867.75
2013-11-22 00:55:00 +0800,4602.52,3788.11,4234.53,4906.31
2013-11-22 01:55:00 +0800,4422.26,3793.11,4187.21,4804.06
2013-11-22 02:55:00 +0800,4428.67,3781.01,4237.89,4785.44
2013-11-22 03:55:00 +0800,4364.8,3780.25,4228.54,4805.04
2013-11-22 04:55:00 +0800,4368.93,3758.92,4226.49,4848.61
2013-11-22 05:55:00 +0800,4508.26,3871.01,4251.9,4872.62
2013-11-22 06:55:00 +0800,4699.0,4094.11,4392.65,4975.25
2013-11-22 07:55:00 +0800,4676.32,4076.93,4361.79,5102.34
2013-11-22 08:55:00 +0800,4536.56,4006.95,4317.18,5023.17
2013-11-22 09:55:00 +0800,4592.44,4041.0,4347.92,5077.87
2013-11-22 10:55:00 +0800,4494.74,4044.09,4390.6,5098.13
2013-11-22 11:55:00 +0800,4483.03,3952.72,4282.85,5090.0
2013-11-22 12:55:00 +0800,4354.45,3903.87,4240.92,4830.63
2013-11-22 13:55:00 +0800,4188.11,3768.73,4156.99,4767.29
2013-11-22 14:55:00 +0800,4247.14,3811.87,4162.14,4792.98
2013-11-22 15:55:00 +0800,4424.22,4018.03,4292.5,4919.8
2013-11-22 16:55:00 +0800,4431.9,3984.44,4298.59,4899.68
2013-11-22 17:55:00 +0800,4515.83,4044.27,4451.82,4971.5
2013-11-22 18:55:00 +0800,4659.96,4121.85,4423.23,4991.74
2013-11-22 19:55:00 +0800,4539.99,4009.17,4463.34,4957.4
2013-11-22 20:55:00 +0800,4617.87,4063.86,4521.28,4985.33
2013-11-22 21:55:00 +0800,4548.07,4057.79,4521.99,4913.71
2013-11-22 22:55:00 +0800,4696.64,4222.62,4710.91,5036.24
2013-11-22 23:55:00 +0800,4713.81,4172.98,4717.74,4993.5
2013-11-23 00:55:00 +0800,4629.83,4157.52,4619.61,4977.73
2013-11-23 01:55:00 +0800,4660.13,4200.14,4613.43,4976.74
2013-11-23 02:55:00 +0800,4648.84,4206.73,4653.68,5009.74
2013-11-23 03:55:00 +0800,4666.5,4194.65,4637.71,5021.74
2013-11-23 04:55:00 +0800,,4188.02,4646.23,5007.08
2013-11-23 05:55:00 +0800,4709.13,4224.82,4665.26,5055.58
2013-11-23 06:55:00 +0800,4881.37,4308.41,4793.89,5105.33
2013-11-23 07:55:00 +0800,4852.1,4230.77,4824.27,5112.84
2013-11-23 08:55:00 +0800,4933.41,4280.65,4848.88,5126.08
2013-11-23 09:55:00 +0800,4983.91,4364.12,4934.58,5251.52
2013-11-23 10:55:00 +0800,4959.8,4363.46,4910.3,5259.3
2013-11-23 11:55:00 +0800,5019.29,4426.45,4945.01,5363.46
2013-11-23 12:55:00 +0800,5012.14,4396.27,4927.87,5366.79
2013-11-23 13:55:00 +0800,5036.25,4405.38,4926.49,5400.4
2013-11-23 14:55:00 +0800,5129.38,4516.79,4994.13,5606.96
2013-11-23 15:55:00 +0800,5208.79,4526.4,5090.34,5733.86
2013-11-23 16:55:00 +0800,5334.89,4661.8,5138.65
2013-11-23 17:55:00 +0800,5113.23,4552.56,5090.07
2013-11-23 18:55:00 +0800,5183.4,4584.18,5096.36
2013-11-23 19:55:00 +0800,5172.16,4596.39,5141.24
2013-11-23 20:55:00 +0800,5245.24,4623.85,5150.22
2013-11-23 21:55:00 +0800,5322.7,4677.66,5292.42
2013-11-23 22:55:00 +0800,4948.82,4547.41,5132.23
2013-11-23 23:55:00 +0800,5060.1,4583.85,5141.4
2013-11-24 00:55:00 +0800,4987.58,4590.23,5038.55
2013-11-24 01:55:00 +0800,5030.2,4593.07,5066.31,5607.48
2013-11-24 02:55:00 +0800,5197.99,4596.39,5121.44,5670.38
2013-11-24 03:55:00 +0800,5149.81,4475.03,5146.03,5661.26
2013-11-24 04:55:00 +0800,5179.5,4523.53,5214.87,5691.0
2013-11-24 05:55:00 +0800,5132.76,4378.72,5147.47,5658.32
2013-11-24 06:55:00 +0800,4987.61,4262.37,5065.5,5632.06
2013-11-24 07:55:00 +0800,5045.1,4391.65,5027.2,5636.44
2013-11-24 08:55:00 +0800,5046.7,4420.79,5027.07,5648.85
2013-11-24 09:55:00 +0800,4780.98,4184.95,4861.02,5503.85
2013-11-24 10:55:00 +0800,4822.79,4196.94,4942.15,5400.41
2013-11-24 11:55:00 +0800,4802.02,4176.84,4832.46,5250.54
2013-11-24 12:55:00 +0800,4559.51,3989.11,4654.98,5065.22
2013-11-24 13:55:00 +0800,4848.42,4195.88,4750.52,5316.62
2013-11-24 14:55:00 +0800,4914.53,4276.49,4836.19,5331.4
2013-11-24 15:55:00 +0800,4868.15,4182.4,4802.74,5276.63
2013-11-24 16:55:00 +0800,4772.6,,4689.88,5173.69
2013-11-24 17:55:00 +0800,4742.46,4090.48,4684.04,5155.68
2013-11-24 18:55:00 +0800,4897.16,4250.48,4730.55,5294.06
2013-11-24 19:55:00 +0800,4838.9,4175.87,4732.16,5190.43
2013-11-24 20:55:00 +0800,4918.27,4339.58,4745.72,5228.63
2013-11-24 21:55:00 +0800,4929.46,4421.91,4919.08,5303.42
2013-11-24 22:55:00 +0800,4974.33,4423.81,4994.57,5323.21
2013-11-24 23:55:00 +0800,5102.38,4473.55,5050.98,5368.8
2013-11-25 00:55:00 +0800,5124.09,4434.46,5050.82,5371.54
2013-11-25 01:55:00 +0800,5129.19,4406.81,5096.85,5334.77
2013-11-25 02:55:00 +0800,5089.45,4341.75,5004.52,5318.74
2013-11-25 03:55:00 +0800,5070.87,4377.3,4998.88,5268.41
2013-11-25 04:55:00 +0800,4832.71,4280.93,4816.05,5222.26
2013-11-25 05:55:00 +0800,4897.91,4287.99,4913.77,5262.81
2013-11-25 06:55:00 +0800,4863.59,4297.17,4900.64,5264.25
2013-11-25 07:55:00 +0800,4835.41,4234.06,4880.88,5183.66
2013-11-25 08:55:00 +0800,4897.35,4304.75,4885.51,5278.73
2013-11-25 09:55:00 +0800,4909.78,4328.01,4894.32,5263.96
2013-11-25 10:55:00 +0800,4955.46,4375.22,4961.14,5303.85
2013-11-25 11:55:00 +0800,4879.93,4397.04,4911.2,5299.41
2013-11-25 12:55:00 +0800,4765.67,4308.38,4856.17,5249.68
2013-11-25 13:55:00 +0800,4851.08,4381.2,4860.53,5249.08
2013-11-25 14:55:00 +0800,4897.1,4372.76,4836.56,5262.98
2013-11-25 15:55:00 +0800,4968.08,4406.69,4962.29,5295.15
2013-11-25 16:55:00 +0800,4980.74,4381.94,4978.46,5280.06
2013-11-25 17:55:00 +0800,4906.72,4394.4,4981.71,5282.65
2013-11-25 18:55:00 +0800,4921.69,4395.56,5006.0,5272.88
2013-11-25 19:55:00 +0800,5069.43,4433.28,5075.38,5318.5
2013-11-25 20:55:00 +0800,5083.47,4427.0,5044.08,5284.1
2013-11-25 21:55:00 +0800,5057.68,4420.63,4982.04,5276.84
2013-11-25 22:55:00 +0800,4908.76,4386.99,4947.75,5237.47
2013-11-25 23:55:00 +0800,4943.98,4392.01,4983.0,5209.82
2013-11-26 00:55:00 +0800,4935.99,4352.83,4928.13,5163.79
2013-11-26 01:55:00 +0800,4900.71,4384.81,4928.0,5157.86
2013-11-26 02:55:00 +0800,4911.82,4408.14,4887.52,5147.69
2013-11-26 03:55:00 +0800,4881.71,4383.7,4860.82,5122.31
2013-11-26 04:55:00 +0800,4851.21,4376.85,4824.13,5114.7
2013-11-26 05:55:00 +0800,4666.49,,4698.06,5022.07
2013-11-26 06:55:00 +0800,5086.37,,4950.84,5196.19
2013-11-26 07:55:00 +0800,5029.66,,4925.37,5187.82
2013-11-26 08:55:00 +0800,5032.51,,4920.59,5167.96
2013-11-26 09:55:00 +0800,5041.75,,4918.01,5161.92
2013-11-26 10:55:00 +0800,5084.49,,4952.18,5152.79
2013-11-26 11:55:00 +0800,5029.78,,4961.55,5150.92
2013-11-26 12:55:00 +0800,5210.62,,5030.23,5229.57
2013-11-26 13:55:00 +0800,5245.14,,5033.7,5278.26
2013-11-26 14:55:00 +0800,5207.94,,5062.51,5268.71
2013-11-26 15:55:00 +0800,5262.9,,5054.18,5273.11
2013-11-26 16:55:00 +0800,5278.48,,5033.3,5278.44
2013-11-26 17:55:00 +0800,5233.74,,5062.84,5260.45
2013-11-26 18:55:00 +0800,5241.27,,5067.07,5244.09
2013-11-26 19:55:00 +0800,5283.13,,5068.76,5249.14
2013-11-26 20:55:00 +0800,5360.76,4841.89,5132.98,5293.59
2013-11-26 21:55:00 +0800,5365.2,4888.98,5129.74,5272.95
2013-11-26 22:55:00 +0800,5318.32,4849.03,5082.29,5253.53
2013-11-26 23:55:00 +0800,5375.2,4915.63,5066.76,5248.33
2013-11-27 00:55:00 +0800,5351.53,4886.76,5070.18,5249.92
2013-11-27 01:55:00 +0800,5385.48,4955.17,5111.47,5236.47
2013-11-27 02:55:00 +0800,5406.16,5127.69,5164.46,5243.59
2013-11-27 03:55:00 +0800,5660.87,,5348.9,5344.14
2013-11-27 04:55:00 +0800,5643.21,,5327.2,5400.0
2013-11-27 05:55:00 +0800,5660.16,5199.44,5356.55,5470.74
2013-11-27 06:55:00 +0800,5799.43,5263.17,5436.25,5493.62
2013-11-27 07:55:00 +0800,5894.98,5347.41,5550.73,5636.81
2013-11-27 08:55:00 +0800,5914.88,5295.21,5469.62,5545.75
2013-11-27 09:55:00 +0800,5714.57,5202.31,5393.84,5445.01
2013-11-27 10:55:00 +0800,5724.28,5238.07,5405.96,5433.4
2013-11-27 11:55:00 +0800,5874.82,5327.63,5470.19,5528.42
2013-11-27 12:55:00 +0800,5834.81,5261.45,5475.41,5505.81
2013-11-27 13:55:00 +0800,5811.81,5215.22,5467.1,5526.72
2013-11-27 14:55:00 +0800,5901.43,5269.48,5566.8,5521.72
2013-11-27 15:55:00 +0800,5924.89,5296.44,5600.52,5532.47
2013-11-27 16:55:00 +0800,5897.64,5253.31,5476.51,5521.31
2013-11-27 17:55:00 +0800,5854.92,5209.19,5491.56,5520.81
2013-11-27 18:55:00 +0800,5830.56,5238.0,5447.63,5490.51
2013-11-27 19:55:00 +0800,5835.44,5269.79,5484.98,5488.25
2013-11-27 20:55:00 +0800,5852.3,5261.46,5522.25,5516.6
2013-11-27 21:55:00 +0800,5940.85,5400.55,5634.64,5631.65
2013-11-27 22:55:00 +0800,6177.71,5553.0,5768.83,5865.01
2013-11-27 23:55:00 +0800,6228.42,5585.47,5830.1,5769.63
2013-11-28 00:55:00 +0800,6443.99,,5865.09,5862.88
2013-11-28 01:55:00 +0800,6369.52,,5846.92,5862.36
2013-11-28 02:55:00 +0800,6075.91,5536.48,5739.84,5749.28
2013-11-28 03:55:00 +0800,6158.37,5683.0,5735.32,5768.76
2013-11-28 04:55:00 +0800,6365.65,5733.17,5851.02,5820.1
2013-11-28 05:55:00 +0800,6306.42,5659.47,5853.38,5804.92
2013-11-28 06:55:00 +0800,6370.72,,5847.36,5822.12
2013-11-28 07:55:00 +0800,6553.7,,5843.91,5810.92
2013-11-28 08:55:00 +0800,6506.81,,5870.86,5834.61
2013-11-28 09:55:00 +0800,6557.25,,5895.88,5874.69
2013-11-28 10:55:00 +0800,6601.44,,5803.65,5968.46
2013-11-28 11:55:00 +0800,6463.31,,5823.87,5900.34
2013-11-28 12:55:00 +0800,6518.32,,5817.27,5926.22
2013-11-28 13:55:00 +0800,6514.24,,5813.77,5942.25
2013-11-28 14:55:00 +0800,6398.83,,5810.14,5952.58
2013-11-28 15:55:00 +0800,6345.66,,5772.33,5987.77
2013-11-28 16:55:00 +0800,6563.73,5423.19,5895.19,6230.29
2013-11-28 17:55:00 +0800,6606.84,5373.6,5919.6,6229.42
2013-11-28 18:55:00 +0800,6719.97,5519.91,5944.12,6326.82
2013-11-28 19:55:00 +0800,7003.18,5644.62,6059.83,6508.43
2013-11-28 20:55:00 +0800,6913.46,5667.41,6100.56,6486.14
2013-11-28 21:55:00 +0800,6943.06,5654.87,6105.15,6516.25
2013-11-28 22:55:00 +0800,7033.75,5726.81,6245.75,6575.04
2013-11-28 23:55:00 +0800,7280.43,5931.33,6308.14,6708.59
2013-11-29 00:55:00 +0800,7289.14,5880.47,6178.75,6682.53
2013-11-29 01:55:00 +0800,7122.16,5816.17,6083.31,6664.98
2013-11-29 02:55:00 +0800,7084.36,5692.81,6060.54,6645.5
2013-11-29 03:55:00 +0800,6986.91,5874.11,6027.4,6690.45
2013-11-29 04:55:00 +0800,7064.73,5850.74,6070.03,6699.83
2013-11-29 05:55:00 +0800,7114.98,5759.5,6054.81,6739.86
2013-11-29 06:55:00 +0800,7168.47,5771.69,6165.99,6823.82
2013-11-29 07:55:00 +0800,7061.85,5793.92,6137.49,6803.07
2013-11-29 08:55:00 +0800,6710.04,5645.0,5990.97,6681.27
2013-11-29 09:55:00 +0800,6860.05,5736.69,6085.04,6767.44
2013-11-29 10:55:00 +0800,7205.33,5710.75,6176.76,6887.74
2013-11-29 11:55:00 +0800,7320.67,5863.96,6230.48,7074.48
2013-11-29 12:55:00 +0800,7377.13,5921.89,6228.68,7277.18
2013-11-29 13:55:00 +0800,7430.92,6035.12,6287.86,7404.04
2013-11-29 14:55:00 +0800,7240.95,6012.14,6279.14,7365.46
2013-11-29 15:55:00 +0800,6983.81,5883.17,6239.37,7144.64
2013-11-29 16:55:00 +0800,6983.08,5895.19,6177.18,7007.5
2013-11-29 17:55:00 +0800,7061.32,5948.51,6260.76,7121.64
2013-11-29 18:55:00 +0800,7201.1,5932.46,6353.78,7217.05
2013-11-29 19:55:00 +0800,7182.24,5964.4,6476.86,7233.73
2013-11-29 20:55:00 +0800,7103.66,5962.21,6467.24,7121.03
2013-11-29 21:55:00 +0800,6955.43,5981.24,6483.76,7036.18
2013-11-29 22:55:00 +0800,7032.9,6015.19,6563.75,7072.22
2013-11-29 23:55:00 +0800,7099.93,6090.3,6635.71,7125.76
2013-11-30 00:55:00 +0800,7102.47,6045.85,6621.57,7056.71
2013-11-30 01:55:00 +0800,7040.94,6025.0,6576.07,7054.88
2013-11-30 02:55:00 +0800,6934.37,5984.26,6569.67,7039.38
2013-11-30 03:55:00 +0800,7000.15,6003.49,6571.3,7076.4
2013-11-30 04:55:00 +0800,7015.9,6040.63,6580.88,7069.43
2013-11-30 05:55:00 +0800,7392.28,6163.84,6846.4,7268.42
2013-11-30 06:55:00 +0800,7363.15,6148.34,6791.31,7302.24
2013-11-30 07:55:00 +0800,7304.25,6199.2,6869.35,7300.73
2013-11-30 08:55:00 +0800,7408.2,6277.72,6925.31,7387.94
2013-11-30 09:55:00 +0800,7438.08,6542.56,6962.08,7552.57
2013-11-30 10:55:00 +0800,7408.21,6516.8,6971.02,7429.27
2013-11-30 11:55:00 +0800,7439.92,6542.91,7033.45,7475.95
2013-11-30 12:55:00 +0800,7458.28,6441.61,6910.89,7508.46
2013-11-30 13:55:00 +0800,7440.81,6534.44,6999.1,7437.0
2013-11-30 14:55:00 +0800,7403.87,6453.29,6969.03,7392.61
2013-11-30 15:55:00 +0800,7300.84,6364.78,6931.3,7402.73
2013-11-30 16:55:00 +0800,7305.18,6392.66,6937.02,7338.67
2013-11-30 17:55:00 +0800,7364.14,6415.39,6973.76,7358.83
2013-11-30 18:55:00 +0800,7270.45,6333.19,6919.91,7322.92
2013-11-30 19:55:00 +0800,7335.35,6328.11,6940.25,7346.4
2013-11-30 20:55:00 +0800,7420.43,6414.86,6907.75,7387.43
2013-11-30 21:55:00 +0800,7382.1,6389.24,6869.81,7400.25
2013-11-30 22:55:00 +0800,7389.84,6441.13,6812.74,7396.7
2013-11-30 23:55:00 +0800,7347.1,6296.69,6802.13,7344.56
2013-12-01 00:55:00 +0800,7384.9,6307.59,6847.31,7374.95
2013-12-01 01:55:00 +0800,7415.05,6302.97,6777.96,7397.32
2013-12-01 02:55:00 +0800,7405.29,6325.27,6732.02,7363.7
2013-12-01 03:55:00 +0800,7405.95,6364.3,6889.67,7414.66
2013-12-01 04:55:00 +0800,7405.76,6337.68,6892.79,7441.97
2013-12-01 05:55:00 +0800,7389.07,6347.13,6920.1,7394.97
2013-12-01 06:55:00 +0800,7354.57,6348.91,6828.65,7400.95
2013-12-01 07:55:00 +0800,7309.55,6376.11,6767.52,7395.1
2013-12-01 08:55:00 +0800,7360.77,6330.5,6769.24,7382.59
2013-12-01 09:55:00 +0800,7198.12,6204.86,6681.4,7237.01
2013-12-01 10:55:00 +0800,7343.31,6184.68,6694.39,7287.56
2013-12-01 11:55:00 +0800,7256.82,6069.95,6626.29,7156.66
2013-12-01 12:55:00 +0800,7043.06,5986.08,6607.85,6956.79
2013-12-01 13:55:00 +0800,6801.54,5728.15,6156.22,6657.69
2013-12-01 14:55:00 +0800,6681.22,5512.24,6175.86,6458.44
2013-12-01 15:55:00 +0800,7016.02,5976.98,6550.47,6762.02
2013-12-01 16:55:00 +0800,7080.62,5964.44,6527.75,6869.62
2013-12-01 17:55:00 +0800,7011.87,5853.34,6492.56,6811.13
2013-12-01 18:55:00 +0800,6900.69,5807.85,6425.19,6709.99
2013-12-01 19:55:00 +0800,6761.7,5643.27,6130.45,6642.2
2013-12-01 20:55:00 +0800,6789.34,5587.75,6049.41,6571.64
2013-12-01 21:55:00 +0800,6975.48,5745.06,6264.39,6690.04
2013-12-01 22:55:00 +0800,6926.28,5640.82,6148.8,6658.76
2013-12-01 23:55:00 +0800,6755.02,5641.03,5983.6,6531.58
2013-12-02 00:55:00 +0800,6780.42,5523.7,5991.09,6557.95
2013-12-02 01:55:00 +0800,6486.24,5061.59,5768.19,6318.47
2013-12-02 02:55:00 +0800,6256.73,5007.9,5565.21,6355.94
2013-12-02 03:55:00 +0800,6018.18,4849.44,5500.46,6155.47
2013-12-02 04:55:00 +0800,5801.13,4865.49,5529.0,6135.08
2013-12-02 05:55:00 +0800,5693.6,5138.27,5399.29,6023.06
2013-12-02 06:55:00 +0800,6124.17,5297.35,5847.36,6257.74
2013-12-02 07:55:00 +0800,6088.45,5329.45,5763.61,6114.07
2013-12-02 08:55:00 +0800,6327.77,5524.32,6034.36,6176.66
2013-12-02 09:55:00 +0800,6334.71,5579.09,6007.78,6303.57
2013-12-02 10:55:00 +0800,6715.52,5798.53,6179.14,6496.28
2013-12-02 11:55:00 +0800,6655.45,5580.23,6177.48,6456.17
2013-12-02 12:55:00 +0800,6472.98,5472.7,6180.25,6400.94
2013-12-02 13:55:00 +0800,6656.58,5556.84,6251.52,6458.25
2013-12-02 14:55:00 +0800,6597.81,5590.57,6209.76,6371.42
2013-12-02 15:55:00 +0800,6741.26,5654.08,6333.27,6458.54
2013-12-02 16:55:00 +0800,6588.43,5593.46,6304.83,6450.78
2013-12-02 17:55:00 +0800,6490.51,5498.36,6148.46,6389.8
2013-12-02 18:55:00 +0800,6446.59,5509.72,6142.37,6311.38
2013-12-02 19:55:00 +0800,6309.99,5277.84,6000.27,6132.85
2013-12-02 20:55:00 +0800,6098.94,5116.87,5963.35,6081.1
2013-12-02 21:55:00 +0800,5944.36,5317.05,5786.91,5870.59
2013-12-02 22:55:00 +0800,6301.48,5526.31,6048.59,6093.8
2013-12-02 23:55:00 +0800,6511.7,,6248.66,6243.65
2013-12-03 00:55:00 +0800,6320.57,5358.44,5990.45,6129.65
2013-12-03 01:55:00 +0800,6274.04,5471.86,5992.69,6035.79
2013-12-03 02:55:00 +0800,6351.94,5518.2,6077.79,6125.41
2013-12-03 03:55:00 +0800,6449.2,5603.63,6075.3,6124.46
2013-12-03 04:55:00 +0800,6531.56,5758.84,6198.09,6223.23
2013-12-03 05:55:00 +0800,6587.11,5799.21,6267.1,6280.61
2013-12-03 06:55:00 +0800,6565.04,5860.33,6281.91,6359.53
2013-12-03 07:55:00 +0800,6657.76,5950.79,6314.98,6441.33
2013-12-03 08:55:00 +0800,6652.0,5887.11,6294.47,6390.16
2013-12-03 09:55:00 +0800,6552.43,5812.57,6223.71,6289.32
2013-12-03 10:55:00 +0800,6473.82,5682.03,6161.45,6296.4
2013-12-03 11:55:00 +0800,6587.45,5843.8,6278.57,6357.57
2013-12-03 12:55:00 +0800,6650.41,5802.3,6241.46,6366.32
2013-12-03 13:55:00 +0800,6644.65,5794.12,6215.49,6363.27
2013-12-03 14:55:00 +0800,6661.9,5900.48,6207.59,6364.0
2013-12-03 15:55:00 +0800,6693.48,5898.86,6174.71,6384.95
2013-12-03 16:55:00 +0800,6697.51,5863.42,6246.03,6380.14
2013-12-03 17:55:00 +0800,6872.46,5996.77,6355.88,6540.99
2013-12-03 18:55:00 +0800,6978.43,6075.32,6489.37,6637.89
2013-12-03 19:55:00 +0800,7069.1,6058.66,6506.05,6633.47
2013-12-03 20:55:00 +0800,7105.03,6129.64,6577.0,6638.4
2013-12-03 21:55:00 +0800,7055.56,6011.79,6367.34,6602.41
2013-12-03 22:55:00 +0800,6905.39,5964.81,6415.4,6488.58
2013-12-03 23:55:00 +0800,6725.0,5914.18,6316.62,6424.24
2013-12-04 00:55:00 +0800,6902.96,6059.58,6417.62,6577.18
2013-12-04 01:55:00 +0800,6871.98,5995.26,6448.97,6576.01
2013-12-04 02:55:00 +0800,6941.76,6088.36,6406.23,6617.98
2013-12-04 03:55:00 +0800,6988.02,6072.38,6389.81,6600.14
2013-12-04 04:55:00 +0800,6964.61,6073.48,6422.74,6657.27
2013-12-04 05:55:00 +0800,6951.98,6034.66,6366.51,6644.37
2013-12-04 06:55:00 +0800,6990.4,6060.3,6350.9,6618.81
2013-12-04 07:55:00 +0800,6993.42,6048.73,6393.84,6627.82
2013-12-04 08:55:00 +0800,6989.67,6132.73,6416.14,6667.37
2013-12-04 09:55:00 +0800,6948.95,6175.14,6429.53,6639.31
2013-12-04 10:55:00 +0800,6993.28,6172.72,6449.01,6637.09
2013-12-04 11:55:00 +0800,6962.41,6113.31,6404.43,6579.82
2013-12-04 12:55:00 +0800,6899.5,6108.14,6395.76,6552.49
2013-12-04 13:55:00 +0800,6988.79,6132.66,6410.09,6585.22
2013-12-04 14:55:00 +0800,7040.26,6185.98,6410.72,6592.43
2013-12-04 15:55:00 +0800,7095.86,6169.08,6431.25,6626.78
2013-12-04 16:55:00 +0800,7120.95,6169.96,6491.72,6651.63
2013-12-04 17:55:00 +0800,7151.39,6190.53,6507.44,6620.13
2013-12-04 18:55:00 +0800,7199.05,6253.49,6592.08,6671.85
2013-12-04 19:55:00 +0800,7310.11,6354.9,6637.88,6827.09
2013-12-04 20:55:00 +0800,7199.9,6283.66,6607.14,6757.84
2013-12-04 21:55:00 +0800,7148.8,6285.98,6594.48,6720.58
2013-12-04 22:55:00 +0800,7246.73,6335.49,6652.71,6766.29
2013-12-04 23:55:00 +0800,7217.71,6324.12,6665.55,6760.1
2013-12-05 00:55:00 +0800,7165.2,6316.13,6710.94,6762.22
2013-12-05 01:55:00 +0800,7317.43,6390.58,6927.71,6846.54
2013-12-05 02:55:00 +0800,7412.07,6476.31,6925.96,6878.01
2013-12-05 03:55:00 +0800,7407.51,6432.49,6938.89,6879.22
2013-12-05 04:55:00 +0800,7419.75,6488.85,6750.99,6922.19
2013-12-05 05:55:00 +0800,7358.26,6511.17,6838.08,6906.4
2013-12-05 06:55:00 +0800,7491.32,6525.12,6860.54,7038.61
2013-12-05 07:55:00 +0800,7500.12,6501.07,6861.66,7005.33
2013-12-05 08:55:00 +0800,7461.62,6468.06,6859.72,7000.61
2013-12-05 09:55:00 +0800,7237.3,6323.89,6845.35,6876.28
2013-12-05 10:55:00 +0800,7393.26,6298.64,6846.53,6943.89
2013-12-05 11:55:00 +0800,7440.4,6419.66,6837.85,6974.98
2013-12-05 12:55:00 +0800,7465.41,6394.21,6835.12,6961.78
2013-12-05 13:55:00 +0800,7364.0,6436.29,6800.44,6935.68
2013-12-05 14:55:00 +0800,7409.6,6366.72,6847.38,6972.5
2013-12-05 15:55:00 +0800,7416.71,6405.88,6856.02,6968.29
2013-12-05 16:55:00 +0800,6378.84,5787.07,5469.36,5852.04
2013-12-05 17:55:00 +0800,5959.57,5301.6,5396.12,5471.83
2013-12-05 18:55:00 +0800,6172.31,5636.05,5697.78,5618.6
2013-12-05 19:55:00 +0800,6018.83,5546.36,5538.81,5573.6
2013-12-05 20:55:00 +0800,6557.85,5875.88,6230.91,6171.22
2013-12-05 21:55:00 +0800,6459.91,5705.12,6102.12,6010.69
2013-12-05 22:55:00 +0800,6582.59,,6177.89,6105.48
2013-12-05 23:55:00 +0800,6243.16,,5959.94,6013.39
2013-12-06 00:55:00 +0800,6508.49,5892.51,6127.02,6072.06
2013-12-06 01:55:00 +0800,6523.11,,6198.43,6109.12
2013-12-06 02:55:00 +0800,6621.86,6055.1,6245.08,6130.97
2013-12-06 03:55:00 +0800,6869.67,6174.71,6357.23,6212.24
2013-12-06 04:55:00 +0800,6809.9,6073.25,6290.22,6167.27
2013-12-06 05:55:00 +0800,6795.68,6068.86,6229.94,6243.1
2013-12-06 06:55:00 +0800,6754.91,6018.7,6175.23,6231.64
2013-12-06 07:55:00 +0800,6624.54,6012.52,6205.67,6304.01
2013-12-06 08:55:00 +0800,6550.68,5880.63,5959.84,6228.83
2013-12-06 09:55:00 +0800,6192.19,5699.49,5803.86,6034.64
2013-12-06 10:55:00 +0800,6360.93,5870.77,5995.35,6093.14
2013-12-06 11:55:00 +0800,6366.42,5912.07,5980.63,6125.7
2013-12-06 12:55:00 +0800,6243.41,5824.15,5939.96,6092.63
2013-12-06 13:55:00 +0800,6334.18,5906.37,5996.89,6093.74
2013-12-06 14:55:00 +0800,6425.63,5879.29,5981.65,6081.17
2013-12-06 15:55:00 +0800,6487.04,5980.01,5995.73,6142.81
2013-12-06 16:55:00 +0800,6527.59,5967.87,6005.35,6157.11
2013-12-06 17:55:00 +0800,6632.22,6023.35,6132.8,6184.87
2013-12-06 18:55:00 +0800,6565.58,6000.73,6035.06,6199.95
2013-12-06 19:55:00 +0800,6457.4,5911.43,5959.37,6152.84
2013-12-06 20:55:00 +0800,6526.62,5972.64,5996.98,6147.98
2013-12-06 21:55:00 +0800,6371.39,5827.57,5873.85,6062.2
2013-12-06 22:55:00 +0800,6332.62,5806.13,5917.76,6094.38
2013-12-06 23:55:00 +0800,5965.52,5651.71,5404.76,5924.65
2013-12-07 00:55:00 +0800,5680.64,5496.49,5354.85,5760.96
2013-12-07 01:55:00 +0800,5933.39,5608.28,5575.81,5910.06
2013-12-07 02:55:00 +0800,,5053.7,4914.13,5467.97
2013-12-07 03:55:00 +0800,,5212.82,5037.72,5567.83
2013-12-07 04:55:00 +0800,5493.94,5381.33,5210.33,5538.8
2013-12-07 05:55:00 +0800,5736.62,5507.48,5474.86,5555.87
2013-12-07 06:55:00 +0800,5506.63,5299.11,5213.48,5402.88
2013-12-07 07:55:00 +0800,5097.97,5076.25,4916.6,5105.51
2013-12-07 08:55:00 +0800,5192.64,5139.61,4962.51,5266.4
2013-12-07 09:55:00 +0800,4413.33,4499.8,4294.8,4506.83
2013-12-07 10:55:00 +0800,4670.88,4702.59,4704.47,4849.72
2013-12-07 11:55:00 +0800,4680.45,4602.94,4456.29,4864.41
2013-12-07 12:55:00 +0800,4705.26,4606.32,4459.23,4853.85
2013-12-07 13:55:00 +0800,4428.32,4248.07,4308.42,4588.6
2013-12-07 14:55:00 +0800,4274.38,4209.52,3912.13,4518.2
2013-12-07 15:55:00 +0800,3580.25,3582.71,3444.74,4086.43
2013-12-07 16:55:00 +0800,4183.05,4007.11,3986.68,4407.7
2013-12-07 17:55:00 +0800,4141.61,3992.57,3996.84,4380.12
2013-12-07 18:55:00 +0800,4377.7,4180.57,4346.97,4518.55
2013-12-07 19:55:00 +0800,4767.5,4705.21,4753.5,4928.35
2013-12-07 20:55:00 +0800,4650.52,4583.4,4648.21,4815.53
2013-12-07 21:55:00 +0800,5083.29,4731.37,4853.59,5019.03
2013-12-07 22:55:00 +0800,4877.07,4578.1,4645.29,4899.5
2013-12-07 23:55:00 +0800,4648.69,4438.78,4448.86,4830.13
2013-12-08 00:55:00 +0800,4317.88,,4197.95,4680.6
2013-12-08 01:55:00 +0800,4703.37,4476.49,4560.27,4815.44
2013-12-08 02:55:00 +0800,4566.17,4406.27,4456.37,4786.33
2013-12-08 03:55:00 +0800,4475.35,4270.9,4367.01,4666.74
2013-12-08 04:55:00 +0800,4643.71,4377.51,4524.65,4798.91
2013-12-08 05:55:00 +0800,4663.62,4369.91,4450.88,4805.92
2013-12-08 06:55:00 +0800,4300.55,4289.48,4334.16,4724.89
2013-12-08 07:55:00 +0800,4209.27,4231.91,4204.02,4653.75
2013-12-08 08:55:00 +0800,4299.01,4210.8,4207.04,4709.36
2013-12-08 09:55:00 +0800,4114.37,4117.34,4015.5,4665.1
2013-12-08 10:55:00 +0800,4249.09,4153.08,4115.77,4647.84
2013-12-08 11:55:00 +0800,4260.12,4184.83,4126.1,4648.74
2013-12-08 12:55:00 +0800,4250.6,4220.52,4198.73,4637.21
2013-12-08 13:55:00 +0800,4342.73,4356.73,4296.52,4646.83
2013-12-08 14:55:00 +0800,4427.12,4415.26,4413.07,4781.34
2013-12-08 15:55:00 +0800,4545.38,4513.18,4524.33,4851.92
2013-12-08 16:55:00 +0800,4689.23,4714.88,4683.21,4937.35
2013-12-08 17:55:00 +0800,4674.53,4668.87,4665.83,4935.86
2013-12-08 18:55:00 +0800,4675.12,4668.47,4631.7,4934.32
2013-12-08 19:55:00 +0800,4650.59,4575.55,4581.12,4902.24
2013-12-08 20:55:00 +0800,4415.02,4416.26,4419.59,4836.44
2013-12-08 21:55:00 +0800,4425.08,4485.8,4473.56,4852.49
2013-12-08 22:55:00 +0800,4356.54,4411.14,4410.3,4777.1
2013-12-08 23:55:00 +0800,4250.36,4320.08,4289.97,4698.98
2013-12-09 00:55:00 +0800,4384.81,4469.61,4414.17,4783.76
2013-12-09 01:55:00 +0800,4386.13,4429.41,4397.59,4715.26
2013-12-09 02:55:00 +0800,4373.7,4443.33,4400.63,4764.53
2013-12-09 03:55:00 +0800,4401.58,4474.67,4455.09,4749.51
2013-12-09 04:55:00 +0800,4531.71,4547.4,4488.87,4796.84
2013-12-09 05:55:00 +0800,4610.19,4600.89,4596.58,4856.87
2013-12-09 06:55:00 +0800,4938.36,4791.83,4786.08,4923.04
2013-12-09 07:55:00 +0800,4898.42,4755.16,4771.6,4911.65
2013-12-09 08:55:00 +0800,4787.78,4720.61,4746.61,4924.92
2013-12-09 09:55:00 +0800,4963.79,4812.84,4906.45,4984.52
2013-12-09 10:55:00 +0800,5022.8,5028.3,5032.15,5053.09
2013-12-09 11:55:00 +0800,5146.31,5102.54,5139.57,5168.92
2013-12-09 12:55:00 +0800,5062.78,4965.6,5010.06,5133.79
2013-12-09 13:55:00 +0800,5152.82,5091.71,5124.3,5167.3
2013-12-09 14:55:00 +0800,5379.39,5290.69,5312.86,5437.95
2013-12-09 15:55:00 +0800,5815.5,5415.56,5413.59,5490.1
2013-12-09 16:55:00 +0800,5457.94,5262.41,5296.13,5340.49
2013-12-09 17:55:00 +0800,5570.8,5315.46,5419.94,5439.92
2013-12-09 18:55:00 +0800,5616.96,5276.41,5430.62,5410.51
2013-12-09 19:55:00 +0800,5534.39,5275.06,5384.74,5393.2
2013-12-09 20:55:00 +0800,5547.56,5298.7,5389.57,5392.3
2013-12-09 21:55:00 +0800,5639.45,5386.99,5405.24,5469.96
2013-12-09 22:55:00 +0800,5464.15,5206.28,5266.78,5391.8
2013-12-09 23:55:00 +0800,5455.3,5161.38,5272.24,5394.05
2013-12-10 00:55:00 +0800,5629.39,5272.13,5373.77,5449.2
2013-12-10 01:55:00 +0800,5525.15,5201.06,5316.35,5451.45
2013-12-10 02:55:00 +0800,5428.08,5170.45,5277.27,5446.88
2013-12-10 03:55:00 +0800,5365.51,5148.49,5229.88,5432.09
2013-12-10 04:55:00 +0800,5429.32,5208.21,5302.86,5449.35
2013-12-10 05:55:00 +0800,5559.69,5259.13,5360.35,5478.76
2013-12-10 06:55:00 +0800,5461.91,5302.13,5386.92,5541.99
2013-12-10 07:55:00 +0800,5572.8,5304.67,5448.6,5579.75
2013-12-10 08:55:00 +0800,5653.82,5480.44,5626.52,5706.72
2013-12-10 09:55:00 +0800,5775.37,5581.15,5702.31,5837.5
2013-12-10 10:55:00 +0800,5933.59,5575.81,5688.29,5857.42
2013-12-10 11:55:00 +0800,5702.68,5455.32,5487.34,5749.45
2013-12-10 12:55:00 +0800,5660.81,5480.94,5541.98,5736.11
2013-12-10 13:55:00 +0800,5712.26,5525.03,5613.74,5772.32
2013-12-10 14:55:00 +0800,5705.1,5502.01,5571.21,5750.93
2013-12-10 15:55:00 +0800,5753.38,5489.23,5644.15,5769.47
2013-12-10 16:55:00 +0800,5709.83,5508.52,5650.52,5770.98
2013-12-10 17:55:00 +0800,5649.57,5450.82,5620.76,5716.31
2013-12-10 18:55:00 +0800,5669.01,5454.61,5604.51,5717.09
2013-12-10 19:55:00 +0800,5697.14,5466.51,5592.97,5750.57
2013-12-10 20:55:00 +0800,5770.09,5514.46,5592.64,5760.67
2013-12-10 21:55:00 +0800,5859.56,5550.79,5618.63,5751.93
2013-12-10 22:55:00 +0800,5813.4,5505.85,5633.81,5741.51
2013-12-10 23:55:00 +0800,5796.77,5520.44,5660.51,5761.44
2013-12-11 00:55:00 +0800,5735.43,5530.26,5614.06,5759.62
2013-12-11 01:55:00 +0800,5853.91,,5677.47,5815.01
2013-12-11 02:55:00 +0800,6180.02,,5814.2,5893.25
2013-12-11 03:55:00 +0800,6280.97,5782.85,5886.96,5911.86
2013-12-11 04:55:00 +0800,6235.45,5767.16,5920.55,5925.94
2013-12-11 05:55:00 +0800,6295.21,5796.44,5955.36,5962.71
2013-12-11 06:55:00 +0800,6246.35,5766.74,5914.63,5984.85
2013-12-11 07:55:00 +0800,6226.56,5815.68,5940.14,6052.39
2013-12-11 08:55:00 +0800,6341.62,5866.06,5960.77,6083.27
2013-12-11 09:55:00 +0800,6207.68,5805.53,5939.0,6017.74
2013-12-11 10:55:00 +0800,6066.06,5699.35,5844.25,5922.45
2013-12-11 11:55:00 +0800,6118.1,5689.03,5799.67,5925.65
2013-12-11 12:55:00 +0800,6157.68,5683.01,5776.97,5909.74
2013-12-11 13:55:00 +0800,6059.44,5623.53,5660.24,5882.88
2013-12-11 14:55:00 +0800,6121.4,5582.76,5674.27,5863.39
2013-12-11 15:55:00 +0800,6090.23,5631.29,5689.14,5857.33
2013-12-11 16:55:00 +0800,6160.52,5582.82,5704.44,5853.89
2013-12-11 17:55:00 +0800,6031.71,5505.69,5574.67,5738.76
2013-12-11 18:55:00 +0800,5852.71,5366.88,5445.99,5500.29
2013-12-11 19:55:00 +0800,5664.51,5219.27,5219.09,5399.49
2013-12-11 20:55:00 +0800,5661.68,5245.55,5348.99,5383.7
2013-12-11 21:55:00 +0800,5583.58,5261.27,5385.06,5446.58
2013-12-11 22:55:00 +0800,5784.77,5432.31,5520.33,5608.11
2013-12-11 23:55:00 +0800,5612.37,5392.91,5433.92,5501.96
2013-12-12 00:55:00 +0800,5582.74,5264.15,5371.63,5491.49
2013-12-12 01:55:00 +0800,5540.76,5321.56,5360.63,5611.51
2013-12-12 02:55:00 +0800,5413.84,5234.41,5358.76,5566.79
2013-12-12 03:55:00 +0800,5300.76,5041.7,5172.17,5470.36
2013-12-12 04:55:00 +0800,5493.88,5240.96,5278.5,5495.65
2013-12-12 05:55:00 +0800,5497.12,5211.92,5303.68,5515.95
2013-12-12 06:55:00 +0800,5496.26,5184.46,5348.12,5491.83
2013-12-12 07:55:00 +0800,5566.52,5187.36,5314.37,5495.78
2013-12-12 08:55:00 +0800,5611.14,5354.3,5390.79,5590.35
2013-12-12 09:55:00 +0800,5660.99,,5387.98,5576.49
2013-12-12 10:55:00 +0800,5494.32,,5338.23,5459.72
2013-12-12 11:55:00 +0800,5425.72,5188.71,5165.27,5296.51
2013-12-12 12:55:00 +0800,5452.28,5167.51,5308.88,5380.59
2013-12-12 13:55:00 +0800,5474.63,5142.55,5280.6,5341.67
2013-12-12 14:55:00 +0800,5454.59,5078.69,5231.14,5289.51
2013-12-12 15:55:00 +0800,5511.3,5181.66,5238.15,5388.38
2013-12-12 16:55:00 +0800,5467.85,5148.03,5239.79,5329.52
2013-12-12 17:55:00 +0800,5463.62,5181.74,5224.75,5378.48
2013-12-12 18:55:00 +0800,5393.69,5123.14,5219.08,5346.73
2013-12-12 19:55:00 +0800,5344.9,5144.9,5204.89,5305.93
2013-12-12 20:55:00 +0800,5391.89,5150.32,5198.49,5368.62
2013-12-12 21:55:00 +0800,5393.73,5210.17,5227.48,5385.73
2013-12-12 22:55:00 +0800,5496.54,5235.0,5231.32,5399.33
2013-12-12 23:55:00 +0800,5484.35,5249.12,5266.93,5422.44
2013-12-13 00:55:00 +0800,5361.99,5172.96,5174.67,5380.32
2013-12-13 01:55:00 +0800,5317.5,5110.5,5127.68,5344.16
2013-12-13 02:55:00 +0800,5363.69,5136.97,5256.61,5366.86
2013-12-13 03:55:00 +0800,5380.59,5148.43,5248.05,5393.52
2013-12-13 04:55:00 +0800,5381.9,5138.27,5243.2,5403.51
2013-12-13 05:55:00 +0800,5441.0,5156.19,5244.03,5416.79
2013-12-13 06:55:00 +0800,5437.62,5178.21,5267.93,5432.16
2013-12-13 07:55:00 +0800,5453.97,5197.58,5283.93,5424.75
2013-12-13 08:55:00 +0800,5491.84,5197.82,5275.89,5419.45
2013-12-13 09:55:00 +0800,5558.8,5209.71,5269.57,5466.77
2013-12-13 10:55:00 +0800,5650.06,5321.71,5345.21,5532.52
2013-12-13 11:55:00 +0800,5759.26,5356.29,5469.97,5603.51
2013-12-13 12:55:00 +0800,5682.68,5320.56,5354.62,5545.63
2013-12-13 13:55:00 +0800,5710.33,5345.47,5432.73,5557.26
2013-12-13 14:55:00 +0800,5844.45,5398.34,5464.85,5583.65
2013-12-13 15:55:00 +0800,5746.37,5373.86,5422.75,5554.21
2013-12-13 16:55:00 +0800,5832.02,5421.8,5504.47,5589.62
2013-12-13 17:55:00 +0800,5891.4,5451.48,5561.05,5600.07
2013-12-13 18:55:00 +0800,5802.51,5374.34,5486.75,5582.11
2013-12-13 19:55:00 +0800,5714.28,5345.76,5422.88,5544.55
2013-12-13 20:55:00 +0800,5724.94,5332.93,5393.26,5526.63
2013-12-13 21:55:00 +0800,5514.05,5239.46,5293.11,5498.49
2013-12-13 22:55:00 +0800,5635.78,5254.21,5371.16,5515.99
2013-12-13 23:55:00 +0800,5505.51,5250.84,5317.94,5496.84
2013-12-14 00:55:00 +0800,5476.6,5173.3,5200.38,5455.87
2013-12-14 01:55:00 +0800,5541.67,5170.61,5269.61,5457.6
2013-12-14 02:55:00 +0800,5526.24,5153.52,5230.46,5450.47
2013-12-14 03:55:00 +0800,5399.83,5104.92,5216.26,5435.54
2013-12-14 04:55:00 +0800,5444.19,5142.75,5231.18,5422.72
2013-12-14 05:55:00 +0800,5527.46,5190.37,5260.12,5482.58
2013-12-14 06:55:00 +0800,5512.65,5181.99,5243.8,5485.03
2013-12-14 07:55:00 +0800,5716.7,5259.28,5371.76,5559.92
2013-12-14 08:55:00 +0800,5676.45,5224.56,5290.63,5518.09
2013-12-14 09:55:00 +0800,5623.46,5202.74,5284.01,5490.27
2013-12-14 10:55:00 +0800,5574.95,5223.72,5291.24,5469.77
2013-12-14 11:55:00 +0800,5683.95,5226.01,5302.28,5473.74
2013-12-14 12:55:00 +0800,5695.12,5265.99,5272.49,5494.41
2013-12-14 13:55:00 +0800,5674.51,5261.34,5289.7,5486.88
2013-12-14 14:55:00 +0800,5665.18,5203.23,5249.03,5432.33
2013-12-14 15:55:00 +0800,5660.39,5206.86,5289.75,5444.54
2013-12-14 16:55:00 +0800,5650.69,5203.85,5239.71,5448.65
2013-12-14 17:55:00 +0800,5514.63,5177.24,5198.37,5403.3
2013-12-14 18:55:00 +0800,5577.01,5189.05,5222.93,5412.02
2013-12-14 19:55:00 +0800,5569.92,5187.81,5208.4,5336.82
2013-12-14 20:55:00 +0800,5506.9,5181.35,5260.71,5283.32
2013-12-14 21:55:00 +0800,5433.43,5136.19,5153.7,5216.34
2013-12-14 22:55:00 +0800,5428.17,5145.84,5167.51,5253.13
2013-12-14 23:55:00 +0800,5451.17,5169.1,5193.42,5348.0
2013-12-15 00:55:00 +0800,5457.07,5159.46,5182.29,5336.98
2013-12-15 01:55:00 +0800,5483.96,5175.62,5242.83,5314.28
2013-12-15 02:55:00 +0800,5524.66,5170.47,5195.1,5287.71
2013-12-15 03:55:00 +0800,5465.6,5160.34,5162.25,5283.28
2013-12-15 04:55:00 +0800,5514.08,5125.83,5154.87,5308.04
2013-12-15 05:55:00 +0800,5483.85,5144.13,5170.33,5298.8
2013-12-15 06:55:00 +0800,5474.96,5135.4,5158.14,5258.34
2013-12-15 07:55:00 +0800,5466.54,5126.54,5161.07,5249.79
2013-12-15 08:55:00 +0800,5459.96,5123.67,5188.21,5262.77
2013-12-15 09:55:00 +0800,5396.8,5114.64,5163.2,5236.63
2013-12-15 10:55:00 +0800,5411.44,5103.88,5145.3,5173.5
2013-12-15 11:55:00 +0800,5253.53,5030.36,5102.46,5085.68
2013-12-15 12:55:00 +0800,5252.17,4999.5,5045.18,5121.93
2013-12-15 13:55:00 +0800,5156.3,4865.08,4901.37,5010.91
2013-12-15 14:55:00 +0800,5244.31,4981.43,4943.72,5040.12
2013-12-15 15:55:00 +0800,5271.54,4983.86,4987.76,5101.73
2013-12-15 16:55:00 +0800,5332.94,5001.8,5032.26,5115.29
2013-12-15 17:55:00 +0800,5174.92,4946.1,4978.07,5046.8
2013-12-15 18:55:00 +0800,5276.64,5002.09,5024.82,5083.03
2013-12-15 19:55:00 +0800,5142.4,4981.09,4996.75,5038.13
2013-12-15 20:55:00 +0800,5149.81,4975.48,4999.39,5055.29
2013-12-15 21:55:00 +0800,5199.18,4976.93,4987.22,5013.57
2013-12-15 22:55:00 +0800,5331.57,5029.11,5085.35,5085.39
2013-12-15 23:55:00 +0800,5383.75,5178.59,5140.91,5223.84
2013-12-16 00:55:00 +0800,5415.64,5140.89,5195.27,5214.1
2013-12-16 01:55:00 +0800,5354.88,5135.65,5153.37,5159.98
2013-12-16 02:55:00 +0800,5411.9,5154.19,5152.13,5209.37
2013-12-16 03:55:00 +0800,5503.2,5212.74,5219.84,5261.01
2013-12-16 04:55:00 +0800,5443.92,5186.86,5197.85,5239.01
2013-12-16 05:55:00 +0800,5493.44,5181.03,5213.47,5258.44
2013-12-16 06:55:00 +0800,5508.46,5197.48,5211.45,5281.38
2013-12-16 07:55:00 +0800,5572.26,5223.97,5224.15,5285.55
2013-12-16 08:55:00 +0800,5425.53,5162.02,5194.26,5187.23
2013-12-16 09:55:00 +0800,5454.0,5181.1,5199.36,5201.0
2013-12-16 10:55:00 +0800,5499.56,5188.94,5216.53,5222.83
2013-12-16 11:55:00 +0800,5467.19,5155.73,5162.6,5172.52
2013-12-16 12:55:00 +0800,5560.45,5161.26,5209.28,5178.98
2013-12-16 13:55:00 +0800,5471.9,5085.73,5151.55,5103.95
2013-12-16 14:55:00 +0800,5424.84,5097.93,5093.08,5060.07
2013-12-16 15:55:00 +0800,5396.33,5066.45,5096.93,5070.71
2013-12-16 16:55:00 +0800,5425.41,5093.74,5076.79,5083.87
2013-12-16 17:55:00 +0800,5352.39,5002.3,5016.9,4879.42
2013-12-16 18:55:00 +0800,5194.49,4963.13,4941.57,4800.5
2013-12-16 19:55:00 +0800,5200.46,4950.36,4899.85,4738.87
2013-12-16 20:55:00 +0800,5126.78,4880.68,4804.1,4732.89
2013-12-16 21:55:00 +0800,4983.56,4784.3,4669.98,4650.01
2013-12-16 22:55:00 +0800,4979.21,4772.77,4660.98,4684.96
2013-12-16 23:55:00 +0800,5115.69,4839.77,4745.88,4729.88
2013-12-17 00:55:00 +0800,5025.88,4717.67,4662.9,4631.79
2013-12-17 01:55:00 +0800,4866.75,4431.13,4424.29,4399.77
2013-12-17 02:55:00 +0800,4769.78,4324.39,4348.74,4145.99
2013-12-17 03:55:00 +0800,4410.92,3981.23,4122.97,3810.83
2013-12-17 04:55:00 +0800,4653.25,4225.92,4290.05,4073.61
2013-12-17 05:55:00 +0800,4703.05,4317.45,4354.62,4286.24
2013-12-17 06:55:00 +0800,4593.69,4286.73,4234.75,4124.28
2013-12-17 07:55:00 +0800,4625.91,4176.78,4185.08,3969.19
2013-12-17 08:55:00 +0800,4507.94,4125.26,4136.13,3867.36
2013-12-17 09:55:00 +0800,4285.76,3864.52,3846.12,3329.14
2013-12-17 10:55:00 +0800,4168.89,3781.58,3749.84,3424.38
2013-12-17 11:55:00 +0800,4221.78,3851.85,3860.86,3662.42
2013-12-17 12:55:00 +0800,4239.65,3903.32,4001.79,3698.64
2013-12-17 13:55:00 +0800,4398.73,4130.05,4199.73,3826.01
2013-12-17 14:55:00 +0800,4561.99,4367.16,4427.26,4102.54
2013-12-17 15:55:00 +0800,4511.21,4278.94,4360.72,3942.09
2013-12-17 16:55:00 +0800,4681.48,4281.11,4354.29,4074.68
2013-12-17 17:55:00 +0800,4534.19,4263.79,4253.52,4002.36
2013-12-17 18:55:00 +0800,4495.8,4242.62,4248.19,3989.79
2013-12-17 19:55:00 +0800,4458.11,4225.06,4263.56,3950.0
2013-12-17 20:55:00 +0800,4338.67,4059.3,4121.46,3893.68
2013-12-17 21:55:00 +0800,4333.2,3934.29,4016.16,3684.29
2013-12-17 22:55:00 +0800,4452.33,4197.57,4185.13,3871.11
2013-12-17 23:55:00 +0800,4389.39,4107.61,4157.8,3777.36
2013-12-18 00:55:00 +0800,4423.65,4135.73,4192.47,3804.68
2013-12-18 01:55:00 +0800,4477.21,4145.0,4294.98,3856.11
2013-12-18 02:55:00 +0800,4511.65,4242.3,4335.2,3842.78
2013-12-18 03:55:00 +0800,4499.98,4179.4,4278.12,3818.08
2013-12-18 04:55:00 +0800,4406.32,4016.84,4061.13,3732.93
2013-12-18 05:55:00 +0800,4383.88,4030.92,4128.8,3713.46
2013-12-18 06:55:00 +0800,4327.46,3960.11,4139.72,3715.39
2013-12-18 07:55:00 +0800,4332.9,3997.37,4091.2,3743.65
2013-12-18 08:55:00 +0800,4193.86,3811.03,3937.69,3536.54
2013-12-18 09:55:00 +0800,4240.29,3924.94,4038.03,3541.96
2013-12-18 10:55:00 +0800,4200.65,3866.26,3971.26,3536.73
2013-12-18 11:55:00 +0800,4171.82,3827.77,3894.95,3460.65
2013-12-18 12:55:00 +0800,4063.81,3670.92,3805.71,3110.57
2013-12-18 13:55:00 +0800,3822.72,3456.2,3506.26,2856.75
2013-12-18 14:55:00 +0800,3558.58,3408.31,3415.83,2883.76
2013-12-18 15:55:00 +0800,3438.31,3236.07,3173.69,2804.97
2013-12-18 16:55:00 +0800,3148.16,2983.73,2942.72,2566.99
2013-12-18 17:55:00 +0800,3325.99,3058.45,3028.78,2570.45
2013-12-18 18:55:00 +0800,2865.36,2626.74,2518.57,2102.44
2013-12-18 19:55:00 +0800,3134.7,3040.05,2945.3,2317.38
2013-12-18 20:55:00 +0800,3301.72,3020.88,3038.52,2341.37
2013-12-18 21:55:00 +0800,3395.63,3229.06,3240.02,2550.98
2013-12-18 22:55:00 +0800,3457.97,3215.4,3208.1,2644.24
2013-12-18 23:55:00 +0800,3475.87,3255.52,3351.99,2856.39
2013-12-19 00:55:00 +0800,3622.31,3396.21,3462.86,3052.49
2013-12-19 01:55:00 +0800,3774.61,3537.68,3620.43,3163.99
2013-12-19 02:55:00 +0800,3606.77,3338.45,3501.57,2900.56
2013-12-19 03:55:00 +0800,3451.81,3181.3,3296.34,2656.31
2013-12-19 04:55:00 +0800,3508.49,3245.83,3398.5,2765.11
2013-12-19 05:55:00 +0800,3578.14,3242.52,3358.9,2814.36
2013-12-19 06:55:00 +0800,3384.34,3123.66,3306.27,2753.0
2013-12-19 07:55:00 +0800,3294.68,3053.56,3154.14,2725.44
2013-12-19 08:55:00 +0800,3319.26,3027.78,3174.16,2639.04
2013-12-19 09:55:00 +0800,3210.08,2963.2,3019.91,2554.82
2013-12-19 10:55:00 +0800,3378.19,3087.09,3211.66,2619.64
2013-12-19 11:55:00 +0800,3500.1,3285.83,3293.6,2858.13
2013-12-19 12:55:00 +0800,3472.04,3188.02,3278.85,2825.87
2013-12-19 13:55:00 +0800,3529.91,3286.67,3333.15,2926.6
2013-12-19 14:55:00 +0800,3643.89,3409.71,3401.35,3040.89
2013-12-19 15:55:00 +0800,3714.26,3393.15,3399.4,2983.73
2013-12-19 16:55:00 +0800,3757.67,3478.44,3555.24,3054.99
2013-12-19 17:55:00 +0800,3912.0,3657.12,3742.64,3226.64
